<?xml version="1.0" encoding="UTF-8"?>
<beans xmlns="http://www.springframework.org/schema/beans"
       xmlns:xsi="http://www.w3.org/2001/XMLSchema-instance" xmlns:context="http://www.springframework.org/schema/context"
       xmlns:mvc="http://www.springframework.org/schema/mvc"
       xsi:schemaLocation="http://www.springframework.org/schema/mvc http://www.springframework.org/schema/mvc/spring-mvc-4.0.xsd
		http://www.springframework.org/schema/beans http://www.springframework.org/schema/beans/spring-beans-4.0.xsd
		http://www.springframework.org/schema/context http://www.springframework.org/schema/context/spring-context-4.0.xsd">

    <!-- 自动扫描且只扫描@Controller -->
    <!--<context:component-scan base-package="com.yonyou.iuap.distribute"-->
                            <!--use-default-filters="false">-->
        <!--<context:include-filter type="annotation"-->
                                <!--expression="org.springframework.stereotype.Controller" />-->
        <!--<context:include-filter type="annotation"-->
                                <!--expression="org.springframework.web.bind.annotation.ControllerAdvice" />-->
    <!--</context:component-scan>-->

    <mvc:annotation-driven>
        <mvc:message-converters register-defaults="true">
            <!-- 将StringHttpMessageConverter的默认编码设为UTF-8 -->
            <bean class="org.springframework.http.converter.StringHttpMessageConverter">
                <constructor-arg value="UTF-8" />
            </bean>
            <!-- 将Jackson2HttpMessageConverter的默认格式化输出设为true -->
            <bean class="org.springframework.http.converter.json.MappingJackson2HttpMessageConverter">
                <property name="prettyPrint" value="true"/>
            </bean>
        </mvc:message-converters>
    </mvc:annotation-driven>
    <!-- 完成请求和注解POJO的映射 -->
    <bean
            class="org.springframework.web.servlet.mvc.annotation.AnnotationMethodHandlerAdapter" />

    <!-- 对转向页面的路径解析。prefix：前缀， suffix：后缀 -->
    <bean
            class="org.springframework.web.servlet.view.InternalResourceViewResolver">
        <property name="prefix" value="/WEB-INF/views/" />
        <property name="suffix" value=".jsp" />
    </bean>

    <!-- 容器默认的DefaultServletHandler处理 所有静态内容与无RequestMapping处理的URL-->
    <mvc:default-servlet-handler/>
</beans>
