/*==============================================================*/
/* Table: 创建应用                                            */
/*==============================================================*/
INSERT INTO afc_application (ID, NAME, CODE, TYPES, SECRET, URL, DESCRIPTION, TENANT_ID, CREATE_TIME, UPDATE_TIME, CREATE_USER, UPDATE_USER, IS_FIXED, EXTRA, IS_SHARE, ACCESS_TOKEN, REFRESH_TOKEN, OPEN_TYPE, MICRO_URL, MICRO_MARK, IS_LOWCODE, BPS_TENANT_ID, DIMENSION_CODE, BI_FOLDER) VALUES ('esb-1', ' 企业服务总线', 'esb', NULL, 'cc463956110146268cb95864739052a8', NULL, NULL, 'sys_tenant', NULL, NULL, 'admin', 'admin', NULL, NULL, '0', 5, 30, 'microApp', '[{"id":1673424777111,"microMark":"esb","microUrl":"/"}]', NULL, '0', NULL, NULL, NULL);

/*==============================================================*/
/* Table: 创建资源分组                                             */
/*==============================================================*/
INSERT INTO afc_res_group (ID, NAME, CODE, TYPES, RES_TYPE, DESCRIPTION, APP_ID, BUSINESS_OBJ_ID, TENANT_ID, CREATE_TIME, UPDATE_TIME, CREATE_USER, UPDATE_USER, SORT_NO, IS_FIXED) VALUES ('esb-1', '默认分组', '2_public_group', 'public_group', NULL, NULL, 'esb-1', NULL, 'sys_tenant', NULL, NULL, 'admin', NULL, 0, NULL);
INSERT INTO afc_res_group (ID, NAME, CODE, TYPES, RES_TYPE, DESCRIPTION, APP_ID, BUSINESS_OBJ_ID, TENANT_ID, CREATE_TIME, UPDATE_TIME, CREATE_USER, UPDATE_USER, SORT_NO, IS_FIXED) VALUES ('esb-2', '首页', 'homePage', NULL, NULL, NULL, 'esb-1', NULL, 'sys_tenant', NULL, NULL, 'admin', NULL, 1, NULL);
INSERT INTO afc_res_group (ID, NAME, CODE, TYPES, RES_TYPE, DESCRIPTION, APP_ID, BUSINESS_OBJ_ID, TENANT_ID, CREATE_TIME, UPDATE_TIME, CREATE_USER, UPDATE_USER, SORT_NO, IS_FIXED) VALUES ('esb-3', '部署管理', 'deployManage', NULL, NULL, NULL, 'esb-1', NULL, 'sys_tenant', NULL, NULL, 'admin', NULL, 2, NULL);
INSERT INTO afc_res_group (ID, NAME, CODE, TYPES, RES_TYPE, DESCRIPTION, APP_ID, BUSINESS_OBJ_ID, TENANT_ID, CREATE_TIME, UPDATE_TIME, CREATE_USER, UPDATE_USER, SORT_NO, IS_FIXED) VALUES ('esb-4', '服务管理', 'serviceManage', NULL, NULL, NULL, 'esb-1', NULL, 'sys_tenant', NULL, NULL, 'admin', 'admin', 4, NULL);
INSERT INTO afc_res_group (ID, NAME, CODE, TYPES, RES_TYPE, DESCRIPTION, APP_ID, BUSINESS_OBJ_ID, TENANT_ID, CREATE_TIME, UPDATE_TIME, CREATE_USER, UPDATE_USER, SORT_NO, IS_FIXED) VALUES ('esb-5', '服务配置', 'serviceConfigure', NULL, NULL, NULL, 'esb-1', NULL, 'sys_tenant', NULL, NULL, 'admin', NULL, 3, NULL);
INSERT INTO afc_res_group (ID, NAME, CODE, TYPES, RES_TYPE, DESCRIPTION, APP_ID, BUSINESS_OBJ_ID, TENANT_ID, CREATE_TIME, UPDATE_TIME, CREATE_USER, UPDATE_USER, SORT_NO, IS_FIXED) VALUES ('esb-6', '访问管理', 'accessManage', NULL, NULL, NULL, 'esb-1', NULL, 'sys_tenant', NULL, NULL, 'admin', NULL, 5, NULL);
INSERT INTO afc_res_group (ID, NAME, CODE, TYPES, RES_TYPE, DESCRIPTION, APP_ID, BUSINESS_OBJ_ID, TENANT_ID, CREATE_TIME, UPDATE_TIME, CREATE_USER, UPDATE_USER, SORT_NO, IS_FIXED) VALUES ('esb-7', '监控统计', 'monitor', NULL, NULL, NULL, 'esb-1', NULL, 'sys_tenant', NULL, NULL, 'admin', NULL, 5, NULL);
INSERT INTO afc_res_group (ID, NAME, CODE, TYPES, RES_TYPE, DESCRIPTION, APP_ID, BUSINESS_OBJ_ID, TENANT_ID, CREATE_TIME, UPDATE_TIME, CREATE_USER, UPDATE_USER, SORT_NO, IS_FIXED) VALUES ('esb-8', '配置管理', 'configureManage', NULL, NULL, NULL, 'esb-1', NULL, 'sys_tenant', NULL, NULL, 'admin', NULL, 6, NULL);
INSERT INTO afc_res_group (ID, NAME, CODE, TYPES, RES_TYPE, DESCRIPTION, APP_ID, BUSINESS_OBJ_ID, TENANT_ID, CREATE_TIME, UPDATE_TIME, CREATE_USER, UPDATE_USER, SORT_NO, IS_FIXED) VALUES ('esb-9', '安全审计', 'security_audit', NULL, NULL, NULL, 'esb-1', NULL, 'sys_tenant', NULL, NULL, 'admin', NULL, 8, NULL);
/*==============================================================*/
/* Table: 创建资源                                               */
/*==============================================================*/
INSERT INTO afc_resource (ID, NAME, CODE, TYPES, APP_ID, RES_GROUP_ID, SUB_TYPE, DESCRIPTION, BUSINESS_OBJ_ID, CONTENT, TENANT_ID, CREATE_TIME, UPDATE_TIME, CREATE_USER, UPDATE_USER, IS_FIXED) VALUES ('esb-202', '服务器管理', 'serverAll', 'url', 'esb-1', 'esb-3', NULL, NULL, NULL, '{"openType":"microApp","mark":"serverAll","url":null,"params":null,"microUrl":null,"microMark":"esb","isLowOrHigh":"high","resourceCode":null,"formStatus":null,"resourceType":null,"viewType":null,"appCode":"esb","query":null,"processDefName":null,"biId":null,"biType":null,"bicode":null}', 'sys_tenant', NULL, NULL, 'admin', 'admin', NULL);
INSERT INTO afc_resource (ID, NAME, CODE, TYPES, APP_ID, RES_GROUP_ID, SUB_TYPE, DESCRIPTION, BUSINESS_OBJ_ID, CONTENT, TENANT_ID, CREATE_TIME, UPDATE_TIME, CREATE_USER, UPDATE_USER, IS_FIXED) VALUES ('esb-204', '首页', 'index', 'url', 'esb-1', 'esb-1', NULL, NULL, NULL, '{"openType":"microApp","mark":"index","url":null,"params":null,"microUrl":null,"microMark":"esb","isLowOrHigh":"high","resourceCode":null,"formStatus":null,"resourceType":null,"viewType":null,"appCode":"esb","query":null,"processDefName":null,"biId":null,"biType":null,"bicode":null}', 'sys_tenant', NULL, NULL, 'admin', 'admin', NULL);
INSERT INTO afc_resource (ID, NAME, CODE, TYPES, APP_ID, RES_GROUP_ID, SUB_TYPE, DESCRIPTION, BUSINESS_OBJ_ID, CONTENT, TENANT_ID, CREATE_TIME, UPDATE_TIME, CREATE_USER, UPDATE_USER, IS_FIXED) VALUES ('esb-206', '控制台', 'controlDesk', 'url', 'esb-1', 'esb-2', NULL, NULL, NULL, '{"openType":"microApp","mark":"controlDesk","url":null,"params":null,"microUrl":null,"microMark":"esb","isLowOrHigh":"high","resourceCode":null,"formStatus":null,"resourceType":null,"viewType":null,"appCode":"esb","query":null,"processDefName":null,"biId":null,"biType":null,"bicode":null}', 'sys_tenant', NULL, NULL, 'admin', NULL, NULL);
INSERT INTO afc_resource (ID, NAME, CODE, TYPES, APP_ID, RES_GROUP_ID, SUB_TYPE, DESCRIPTION, BUSINESS_OBJ_ID, CONTENT, TENANT_ID, CREATE_TIME, UPDATE_TIME, CREATE_USER, UPDATE_USER, IS_FIXED) VALUES ('esb-207', '系统配置', 'systemConfig', 'url', 'esb-1', 'esb-8', NULL, NULL, NULL, '{"openType":"microApp","mark":"systemConfig","url":null,"params":null,"microUrl":null,"microMark":"esb","isLowOrHigh":"high","resourceCode":null,"formStatus":null,"resourceType":null,"viewType":null,"appCode":"esb","query":null,"processDefName":null,"biId":null,"biType":null,"bicode":null}', 'sys_tenant', NULL, NULL, 'admin', NULL, NULL);
INSERT INTO afc_resource (ID, NAME, CODE, TYPES, APP_ID, RES_GROUP_ID, SUB_TYPE, DESCRIPTION, BUSINESS_OBJ_ID, CONTENT, TENANT_ID, CREATE_TIME, UPDATE_TIME, CREATE_USER, UPDATE_USER, IS_FIXED) VALUES ('esb-208', '变量配置', 'variableConfig', 'url', 'esb-1', 'esb-8', NULL, NULL, NULL, '{"openType":"microApp","mark":"variableConfig","url":null,"params":null,"microUrl":null,"microMark":"esb","isLowOrHigh":"high","resourceCode":null,"formStatus":null,"resourceType":null,"viewType":null,"appCode":"esb","query":null,"processDefName":null,"biId":null,"biType":null,"bicode":null}', 'sys_tenant', NULL, NULL, 'admin', NULL, NULL);
INSERT INTO afc_resource (ID, NAME, CODE, TYPES, APP_ID, RES_GROUP_ID, SUB_TYPE, DESCRIPTION, BUSINESS_OBJ_ID, CONTENT, TENANT_ID, CREATE_TIME, UPDATE_TIME, CREATE_USER, UPDATE_USER, IS_FIXED) VALUES ('esb-209', '服务配置', 'offlineServiceConfig', 'url', 'esb-1', 'esb-8', NULL, NULL, NULL, '{"openType":"microApp","mark":"offlineServiceConfig","url":null,"params":null,"microUrl":null,"microMark":"esb","isLowOrHigh":"high","resourceCode":null,"formStatus":null,"resourceType":null,"viewType":null,"appCode":"esb","query":null,"processDefName":null,"biId":null,"biType":null,"bicode":null}', 'sys_tenant', NULL, NULL, 'admin', NULL, NULL);
INSERT INTO afc_resource (ID, NAME, CODE, TYPES, APP_ID, RES_GROUP_ID, SUB_TYPE, DESCRIPTION, BUSINESS_OBJ_ID, CONTENT, TENANT_ID, CREATE_TIME, UPDATE_TIME, CREATE_USER, UPDATE_USER, IS_FIXED) VALUES ('esb-210', '队列配置', 'queueConfig', 'url', 'esb-1', 'esb-8', NULL, NULL, NULL, '{"openType":"microApp","mark":"queueConfig","url":null,"params":null,"microUrl":null,"microMark":"esb","isLowOrHigh":"high","resourceCode":null,"formStatus":null,"resourceType":null,"viewType":null,"appCode":"esb","query":null,"processDefName":null,"biId":null,"biType":null,"bicode":null}', 'sys_tenant', NULL, NULL, 'admin', NULL, NULL);
INSERT INTO afc_resource (ID, NAME, CODE, TYPES, APP_ID, RES_GROUP_ID, SUB_TYPE, DESCRIPTION, BUSINESS_OBJ_ID, CONTENT, TENANT_ID, CREATE_TIME, UPDATE_TIME, CREATE_USER, UPDATE_USER, IS_FIXED) VALUES ('esb-211', '全局监控配置', 'monitorConfigModel', 'url', 'esb-1', 'esb-8', NULL, NULL, NULL, '{"openType":"microApp","mark":"monitorConfigModel","url":null,"params":null,"microUrl":null,"microMark":"esb","isLowOrHigh":"high","resourceCode":null,"formStatus":null,"resourceType":null,"viewType":null,"appCode":"esb","query":null,"processDefName":null,"biId":null,"biType":null,"bicode":null}', 'sys_tenant', NULL, NULL, 'admin', NULL, NULL);
INSERT INTO afc_resource (ID, NAME, CODE, TYPES, APP_ID, RES_GROUP_ID, SUB_TYPE, DESCRIPTION, BUSINESS_OBJ_ID, CONTENT, TENANT_ID, CREATE_TIME, UPDATE_TIME, CREATE_USER, UPDATE_USER, IS_FIXED) VALUES ('esb-212', '拦截器管理', 'interceptorConfig', 'url', 'esb-1', 'esb-8', NULL, NULL, NULL, '{"openType":"microApp","mark":"interceptorConfig","url":null,"params":null,"microUrl":null,"microMark":"esb","isLowOrHigh":"high","resourceCode":null,"formStatus":null,"resourceType":null,"viewType":null,"appCode":"esb","query":null,"processDefName":null,"biId":null,"biType":null,"bicode":null}', 'sys_tenant', NULL, NULL, 'admin', NULL, NULL);
INSERT INTO afc_resource (ID, NAME, CODE, TYPES, APP_ID, RES_GROUP_ID, SUB_TYPE, DESCRIPTION, BUSINESS_OBJ_ID, CONTENT, TENANT_ID, CREATE_TIME, UPDATE_TIME, CREATE_USER, UPDATE_USER, IS_FIXED) VALUES ('esb-213', '监控大屏', 'bigScreen', 'url', 'esb-1', 'esb-2', NULL, NULL, NULL, '{"openType":"microApp","mark":"bigScreen","url":null,"params":null,"microUrl":null,"microMark":"esb","isLowOrHigh":"high","resourceCode":null,"formStatus":null,"resourceType":null,"viewType":null,"appCode":"esb","query":null,"processDefName":null,"biId":null,"biType":null,"bicode":null}', 'sys_tenant', NULL, NULL, 'admin', NULL, NULL);
INSERT INTO afc_resource (ID, NAME, CODE, TYPES, APP_ID, RES_GROUP_ID, SUB_TYPE, DESCRIPTION, BUSINESS_OBJ_ID, CONTENT, TENANT_ID, CREATE_TIME, UPDATE_TIME, CREATE_USER, UPDATE_USER, IS_FIXED) VALUES ('esb-214', '日志索引管理', 'resourceWarning', 'url', 'esb-1', 'esb-8', NULL, NULL, NULL, '{"openType":"microApp","mark":"resourceWarning","url":null,"params":null,"microUrl":null,"microMark":"esb","isLowOrHigh":"high","resourceCode":null,"formStatus":null,"resourceType":null,"viewType":null,"appCode":"esb","query":null,"processDefName":null,"biId":null,"biType":null,"bicode":null}', 'sys_tenant', NULL, NULL, 'admin', NULL, NULL);
INSERT INTO afc_resource (ID, NAME, CODE, TYPES, APP_ID, RES_GROUP_ID, SUB_TYPE, DESCRIPTION, BUSINESS_OBJ_ID, CONTENT, TENANT_ID, CREATE_TIME, UPDATE_TIME, CREATE_USER, UPDATE_USER, IS_FIXED) VALUES ('esb-216', '通道管理', 'channelManage', 'url', 'esb-1', 'esb-5', NULL, NULL, NULL, '{"openType":"microApp","mark":"channelManage","url":null,"params":null,"microUrl":null,"microMark":"esb","isLowOrHigh":"high","resourceCode":null,"formStatus":null,"resourceType":null,"viewType":null,"appCode":"esb","query":null,"processDefName":null,"biId":null,"biType":null,"bicode":null}', 'sys_tenant', NULL, NULL, 'admin', NULL, NULL);
INSERT INTO afc_resource (ID, NAME, CODE, TYPES, APP_ID, RES_GROUP_ID, SUB_TYPE, DESCRIPTION, BUSINESS_OBJ_ID, CONTENT, TENANT_ID, CREATE_TIME, UPDATE_TIME, CREATE_USER, UPDATE_USER, IS_FIXED) VALUES ('esb-217', '证书管理', 'certificateManage', 'url', 'esb-1', 'esb-5', NULL, NULL, NULL, '{"openType":"microApp","mark":"certificateManage","url":null,"params":null,"microUrl":null,"microMark":"esb","isLowOrHigh":"high","resourceCode":null,"formStatus":null,"resourceType":null,"viewType":null,"appCode":"esb","query":null,"processDefName":null,"biId":null,"biType":null,"bicode":null}', 'sys_tenant', NULL, NULL, 'admin', NULL, NULL);
INSERT INTO afc_resource (ID, NAME, CODE, TYPES, APP_ID, RES_GROUP_ID, SUB_TYPE, DESCRIPTION, BUSINESS_OBJ_ID, CONTENT, TENANT_ID, CREATE_TIME, UPDATE_TIME, CREATE_USER, UPDATE_USER, IS_FIXED) VALUES ('esb-218', '主题管理', 'themeManage', 'url', 'esb-1', 'esb-5', NULL, NULL, NULL, '{"openType":"microApp","mark":"themeManage","url":null,"params":null,"microUrl":null,"microMark":"esb","isLowOrHigh":"high","resourceCode":null,"formStatus":null,"resourceType":null,"viewType":null,"appCode":"esb","query":null,"processDefName":null,"biId":null,"biType":null,"bicode":null}', 'sys_tenant', NULL, NULL, 'admin', NULL, NULL);
INSERT INTO afc_resource (ID, NAME, CODE, TYPES, APP_ID, RES_GROUP_ID, SUB_TYPE, DESCRIPTION, BUSINESS_OBJ_ID, CONTENT, TENANT_ID, CREATE_TIME, UPDATE_TIME, CREATE_USER, UPDATE_USER, IS_FIXED) VALUES ('esb-219', '数据源管理', 'dataRelease', 'url', 'esb-1', 'esb-5', NULL, NULL, NULL, '{"openType":"microApp","mark":"dataRelease","url":null,"params":null,"microUrl":null,"microMark":"esb","isLowOrHigh":"high","resourceCode":null,"formStatus":null,"resourceType":null,"viewType":null,"appCode":"esb","query":null,"processDefName":null,"biId":null,"biType":null,"bicode":null}', 'sys_tenant', NULL, NULL, 'admin', 'admin', NULL);
INSERT INTO afc_resource (ID, NAME, CODE, TYPES, APP_ID, RES_GROUP_ID, SUB_TYPE, DESCRIPTION, BUSINESS_OBJ_ID, CONTENT, TENANT_ID, CREATE_TIME, UPDATE_TIME, CREATE_USER, UPDATE_USER, IS_FIXED) VALUES ('esb-220', '业务服务地址', 'businessServiceAddress', 'url', 'esb-1', 'esb-5', NULL, NULL, NULL, '{"openType":"microApp","mark":"businessServiceAddress","url":null,"params":null,"microUrl":null,"microMark":"esb","isLowOrHigh":"high","resourceCode":null,"formStatus":null,"resourceType":null,"viewType":null,"appCode":"esb","query":null,"processDefName":null,"biId":null,"biType":null,"bicode":null}', 'sys_tenant', NULL, NULL, 'admin', NULL, NULL);
INSERT INTO afc_resource (ID, NAME, CODE, TYPES, APP_ID, RES_GROUP_ID, SUB_TYPE, DESCRIPTION, BUSINESS_OBJ_ID, CONTENT, TENANT_ID, CREATE_TIME, UPDATE_TIME, CREATE_USER, UPDATE_USER, IS_FIXED) VALUES ('esb-221', '接口服务统计', 'serviceInvoke', 'url', 'esb-1', 'esb-7', NULL, NULL, NULL, '{"openType":"microApp","mark":"serviceInvoke","url":null,"params":null,"microUrl":null,"microMark":"esb","isLowOrHigh":"high","resourceCode":null,"formStatus":null,"resourceType":null,"viewType":null,"appCode":"esb","query":null,"processDefName":null,"biId":null,"biType":null,"bicode":null}', 'sys_tenant', NULL, NULL, 'admin', NULL, NULL);
INSERT INTO afc_resource (ID, NAME, CODE, TYPES, APP_ID, RES_GROUP_ID, SUB_TYPE, DESCRIPTION, BUSINESS_OBJ_ID, CONTENT, TENANT_ID, CREATE_TIME, UPDATE_TIME, CREATE_USER, UPDATE_USER, IS_FIXED) VALUES ('esb-222', '系统调用关系', 'relationGraph', 'url', 'esb-1', 'esb-7', NULL, NULL, NULL, '{"openType":"microApp","mark":"relationGraph","url":null,"params":null,"microUrl":null,"microMark":"esb","isLowOrHigh":"high","resourceCode":null,"formStatus":null,"resourceType":null,"viewType":null,"appCode":"esb","query":null,"processDefName":null,"biId":null,"biType":null,"bicode":null}', 'sys_tenant', NULL, NULL, 'admin', NULL, NULL);
INSERT INTO afc_resource (ID, NAME, CODE, TYPES, APP_ID, RES_GROUP_ID, SUB_TYPE, DESCRIPTION, BUSINESS_OBJ_ID, CONTENT, TENANT_ID, CREATE_TIME, UPDATE_TIME, CREATE_USER, UPDATE_USER, IS_FIXED) VALUES ('esb-223', '业务监控', 'transactionSearch', 'url', 'esb-1', 'esb-7', NULL, NULL, NULL, '{"openType":"microApp","mark":"transactionSearch","url":null,"params":null,"microUrl":null,"microMark":"esb","isLowOrHigh":"high","resourceCode":null,"formStatus":null,"resourceType":null,"viewType":null,"appCode":"esb","query":null,"processDefName":null,"biId":null,"biType":null,"bicode":null}', 'sys_tenant', NULL, NULL, 'admin', NULL, NULL);
INSERT INTO afc_resource (ID, NAME, CODE, TYPES, APP_ID, RES_GROUP_ID, SUB_TYPE, DESCRIPTION, BUSINESS_OBJ_ID, CONTENT, TENANT_ID, CREATE_TIME, UPDATE_TIME, CREATE_USER, UPDATE_USER, IS_FIXED) VALUES ('esb-224', '资源监控', 'resourceMonitor', 'url', 'esb-1', 'esb-7', NULL, NULL, NULL, '{"openType":"microApp","mark":"resourceMonitor","url":null,"params":null,"microUrl":null,"microMark":"esb","isLowOrHigh":"high","resourceCode":null,"formStatus":null,"resourceType":null,"viewType":null,"appCode":"esb","query":null,"processDefName":null,"biId":null,"biType":null,"bicode":null}', 'sys_tenant', NULL, NULL, 'admin', NULL, NULL);
INSERT INTO afc_resource (ID, NAME, CODE, TYPES, APP_ID, RES_GROUP_ID, SUB_TYPE, DESCRIPTION, BUSINESS_OBJ_ID, CONTENT, TENANT_ID, CREATE_TIME, UPDATE_TIME, CREATE_USER, UPDATE_USER, IS_FIXED) VALUES ('esb-226', '订阅日志', 'logRecord', 'url', 'esb-1', 'esb-7', NULL, NULL, NULL, '{"openType":"microApp","mark":"logRecord","url":null,"params":null,"microUrl":null,"microMark":"esb","isLowOrHigh":"high","resourceCode":null,"formStatus":null,"resourceType":null,"viewType":null,"appCode":"esb","query":null,"processDefName":null,"biId":null,"biType":null,"bicode":null}', 'sys_tenant', NULL, NULL, 'admin', NULL, NULL);
INSERT INTO afc_resource (ID, NAME, CODE, TYPES, APP_ID, RES_GROUP_ID, SUB_TYPE, DESCRIPTION, BUSINESS_OBJ_ID, CONTENT, TENANT_ID, CREATE_TIME, UPDATE_TIME, CREATE_USER, UPDATE_USER, IS_FIXED) VALUES ('esb-227', '服务注册', 'serviceRegister', 'url', 'esb-1', 'esb-4', NULL, NULL, NULL, '{"openType":"microApp","mark":"serviceRegister","url":null,"params":null,"microUrl":null,"microMark":"esb","isLowOrHigh":"high","resourceCode":null,"formStatus":null,"resourceType":null,"viewType":null,"appCode":"esb","query":null,"processDefName":null,"biId":null,"biType":null,"bicode":null}', 'sys_tenant', NULL, NULL, 'admin', NULL, NULL);
INSERT INTO afc_resource (ID, NAME, CODE, TYPES, APP_ID, RES_GROUP_ID, SUB_TYPE, DESCRIPTION, BUSINESS_OBJ_ID, CONTENT, TENANT_ID, CREATE_TIME, UPDATE_TIME, CREATE_USER, UPDATE_USER, IS_FIXED) VALUES ('esb-228', '系统告警', 'systemWarning', 'url', 'esb-1', 'esb-7', NULL, NULL, NULL, '{"openType":"microApp","mark":"systemWarning","url":null,"params":null,"microUrl":null,"microMark":"esb","isLowOrHigh":"high","resourceCode":null,"formStatus":null,"resourceType":null,"viewType":null,"appCode":"esb","query":null,"processDefName":null,"biId":null,"biType":null,"bicode":null}', 'sys_tenant', NULL, NULL, 'admin', NULL, NULL);
INSERT INTO afc_resource (ID, NAME, CODE, TYPES, APP_ID, RES_GROUP_ID, SUB_TYPE, DESCRIPTION, BUSINESS_OBJ_ID, CONTENT, TENANT_ID, CREATE_TIME, UPDATE_TIME, CREATE_USER, UPDATE_USER, IS_FIXED) VALUES ('esb-229', '服务查询', 'assetQuery', 'url', 'esb-1', 'esb-4', NULL, NULL, NULL, '{"openType":"microApp","mark":"assetQuery","url":null,"params":null,"microUrl":null,"microMark":"esb","isLowOrHigh":"high","resourceCode":null,"formStatus":null,"resourceType":null,"viewType":null,"appCode":"esb","query":null,"processDefName":null,"biId":null,"biType":null,"bicode":null}', 'sys_tenant', NULL, NULL, 'admin', NULL, NULL);
INSERT INTO afc_resource (ID, NAME, CODE, TYPES, APP_ID, RES_GROUP_ID, SUB_TYPE, DESCRIPTION, BUSINESS_OBJ_ID, CONTENT, TENANT_ID, CREATE_TIME, UPDATE_TIME, CREATE_USER, UPDATE_USER, IS_FIXED) VALUES ('esb-230', '接口状态管理', 'serviceStatusManage', 'url', 'esb-1', 'esb-4', NULL, NULL, NULL, '{"openType":"microApp","mark":"serviceStatusManage","url":null,"params":null,"microUrl":null,"microMark":"esb","isLowOrHigh":"high","resourceCode":null,"formStatus":null,"resourceType":null,"viewType":null,"appCode":"esb","query":null,"processDefName":null,"biId":null,"biType":null,"bicode":null}', 'sys_tenant', NULL, NULL, 'admin', NULL, NULL);
INSERT INTO afc_resource (ID, NAME, CODE, TYPES, APP_ID, RES_GROUP_ID, SUB_TYPE, DESCRIPTION, BUSINESS_OBJ_ID, CONTENT, TENANT_ID, CREATE_TIME, UPDATE_TIME, CREATE_USER, UPDATE_USER, IS_FIXED) VALUES ('esb-231', '发布订阅', 'subscriptionManage', 'url', 'esb-1', 'esb-4', NULL, NULL, NULL, '{"openType":"microApp","mark":"subscriptionManage","url":null,"params":null,"microUrl":null,"microMark":"esb","isLowOrHigh":"high","resourceCode":null,"formStatus":null,"resourceType":null,"viewType":null,"appCode":"esb","query":null,"processDefName":null,"biId":null,"biType":null,"bicode":null}', 'sys_tenant', NULL, NULL, 'admin', NULL, NULL);
INSERT INTO afc_resource (ID, NAME, CODE, TYPES, APP_ID, RES_GROUP_ID, SUB_TYPE, DESCRIPTION, BUSINESS_OBJ_ID, CONTENT, TENANT_ID, CREATE_TIME, UPDATE_TIME, CREATE_USER, UPDATE_USER, IS_FIXED) VALUES ('esb-232', '服务探测', 'serviceProbe', 'url', 'esb-1', 'esb-4', NULL, NULL, NULL, '{"openType":"microApp","mark":"serviceProbe","url":null,"params":null,"microUrl":null,"microMark":"esb","isLowOrHigh":"high","resourceCode":null,"formStatus":null,"resourceType":null,"viewType":null,"appCode":"esb","query":null,"processDefName":null,"biId":null,"biType":null,"bicode":null}', 'sys_tenant', NULL, NULL, 'admin', NULL, NULL);
INSERT INTO afc_resource (ID, NAME, CODE, TYPES, APP_ID, RES_GROUP_ID, SUB_TYPE, DESCRIPTION, BUSINESS_OBJ_ID, CONTENT, TENANT_ID, CREATE_TIME, UPDATE_TIME, CREATE_USER, UPDATE_USER, IS_FIXED) VALUES ('esb-233', '失败交易重发', 'abnormalQuery', 'url', 'esb-1', 'esb-4', NULL, NULL, NULL, '{"openType":"microApp","mark":"abnormalQuery","url":null,"params":null,"microUrl":null,"microMark":"esb","isLowOrHigh":"high","resourceCode":null,"formStatus":null,"resourceType":null,"viewType":null,"appCode":"esb","query":null,"processDefName":null,"biId":null,"biType":null,"bicode":null}', 'sys_tenant',NULL, NULL, 'admin', NULL, NULL);
INSERT INTO afc_resource (ID, NAME, CODE, TYPES, APP_ID, RES_GROUP_ID, SUB_TYPE, DESCRIPTION, BUSINESS_OBJ_ID, CONTENT, TENANT_ID, CREATE_TIME, UPDATE_TIME, CREATE_USER, UPDATE_USER, IS_FIXED) VALUES ('esb-235', '访问配置', 'visitConfig', 'url', 'esb-1', 'esb-6', NULL, NULL, NULL, '{"openType":"microApp","mark":"visitConfig","url":null,"params":null,"microUrl":null,"microMark":"esb","isLowOrHigh":"high","resourceCode":null,"formStatus":null,"resourceType":null,"viewType":null,"appCode":"esb","query":null,"processDefName":null,"biId":null,"biType":null,"bicode":null}', 'sys_tenant', NULL, NULL, 'admin', NULL, NULL);
INSERT INTO afc_resource (ID, NAME, CODE, TYPES, APP_ID, RES_GROUP_ID, SUB_TYPE, DESCRIPTION, BUSINESS_OBJ_ID, CONTENT, TENANT_ID, CREATE_TIME, UPDATE_TIME, CREATE_USER, UPDATE_USER, IS_FIXED) VALUES ('esb-236', '黑白名单', 'visitList', 'url', 'esb-1', 'esb-6', NULL, NULL, NULL, '{"openType":"microApp","mark":"visitList","url":null,"params":null,"microUrl":null,"microMark":"esb","isLowOrHigh":"high","resourceCode":null,"formStatus":null,"resourceType":null,"viewType":null,"appCode":"esb","query":null,"processDefName":null,"biId":null,"biType":null,"bicode":null}', 'sys_tenant', NULL, NULL, 'admin', NULL, NULL);
INSERT INTO afc_resource (ID, NAME, CODE, TYPES, APP_ID, RES_GROUP_ID, SUB_TYPE, DESCRIPTION, BUSINESS_OBJ_ID, CONTENT, TENANT_ID, CREATE_TIME, UPDATE_TIME, CREATE_USER, UPDATE_USER, IS_FIXED) VALUES ('esb-237', '调用关系配置', 'invokeConfig', 'url', 'esb-1', 'esb-6', NULL, NULL, NULL, '{"openType":"microApp","mark":"invokeConfig","url":null,"params":null,"microUrl":null,"microMark":"esb","isLowOrHigh":"high","resourceCode":null,"formStatus":null,"resourceType":null,"viewType":null,"appCode":"esb","query":null,"processDefName":null,"biId":null,"biType":null,"bicode":null}', 'sys_tenant', NULL, NULL, 'admin', NULL, NULL);
INSERT INTO afc_resource (ID, NAME, CODE, TYPES, APP_ID, RES_GROUP_ID, SUB_TYPE, DESCRIPTION, BUSINESS_OBJ_ID, CONTENT, TENANT_ID, CREATE_TIME, UPDATE_TIME, CREATE_USER, UPDATE_USER, IS_FIXED) VALUES ('esb-238', '令牌管理', 'tokenConfig', 'url', 'esb-1', 'esb-6', NULL, NULL, NULL, '{"openType":"microApp","mark":"tokenConfig","url":null,"params":null,"microUrl":null,"microMark":"esb","isLowOrHigh":"high","resourceCode":null,"formStatus":null,"resourceType":null,"viewType":null,"appCode":"esb","query":null,"processDefName":null,"biId":null,"biType":null,"bicode":null}', 'sys_tenant', NULL, NULL, 'admin', NULL, NULL);
INSERT INTO afc_resource (ID, NAME, CODE, TYPES, APP_ID, RES_GROUP_ID, SUB_TYPE, DESCRIPTION, BUSINESS_OBJ_ID, CONTENT, TENANT_ID, CREATE_TIME, UPDATE_TIME, CREATE_USER, UPDATE_USER, IS_FIXED) VALUES ('esb-241', '服务模型管理', 'serverDeploy', 'url', 'esb-1', 'esb-3', NULL, NULL, NULL, '{"openType":"microApp","mark":"serverDeploy","url":null,"params":null,"microUrl":null,"microMark":"esb","isLowOrHigh":"high","resourceCode":null,"formStatus":null,"resourceType":null,"viewType":null,"appCode":"esb","query":null,"processDefName":null,"biId":null,"biType":null,"bicode":null}', 'sys_tenant', NULL, NULL, 'admin', NULL, NULL);
INSERT INTO afc_resource (ID, NAME, CODE, TYPES, APP_ID, RES_GROUP_ID, SUB_TYPE, DESCRIPTION, BUSINESS_OBJ_ID, CONTENT, TENANT_ID, CREATE_TIME, UPDATE_TIME, CREATE_USER, UPDATE_USER, IS_FIXED) VALUES ('esb-242', '审计日志', 'operationLogger', 'url', 'esb-1', 'esb-9', NULL, NULL, NULL, '{"openType":"microApp","mark":"operationLogger","url":null,"params":null,"microUrl":null,"microMark":"esb","isLowOrHigh":"high","resourceCode":null,"formStatus":null,"resourceType":null,"viewType":null,"appCode":"esb","query":null,"processDefName":null,"biId":null,"biType":null,"bicode":null}', 'sys_tenant', NULL, NULL, 'admin', NULL, NULL);

/*==============================================================*/
/* Table: 创建菜单                                             */
/*==============================================================*/
INSERT INTO afc_menu (ID, NAME, CODE, RES_ID, DESCRIPTION, SORT_NO, IS_LEAF, TREE_LEVEL, SEQ, PARENT_ID, TENANT_ID, CREATE_TIME, UPDATE_TIME, CREATE_USER, UPDATE_USER, IS_FIXED, OPEN_TYPE, MENU_ICON, MENU_TYPE, BUSINESS_OBJ_ID, IS_NEW_WINDOW_OPEN) VALUES ('esb-37', '企业服务总线', 'esb', NULL, NULL, 7, '0', 0, NULL, 'root', 'sys_tenant', NULL, NULL, 'admin', 'admin', NULL, NULL, 'ziyuan', NULL, NULL, '');
INSERT INTO afc_menu (ID, NAME, CODE, RES_ID, DESCRIPTION, SORT_NO, IS_LEAF, TREE_LEVEL, SEQ, PARENT_ID, TENANT_ID, CREATE_TIME, UPDATE_TIME, CREATE_USER, UPDATE_USER, IS_FIXED, OPEN_TYPE, MENU_ICON, MENU_TYPE, BUSINESS_OBJ_ID, IS_NEW_WINDOW_OPEN) VALUES ('esb-38', '部署管理', 'deployManage', NULL, NULL, 2, '0', 0, NULL, 'esb-37', 'sys_tenant',  NULL, NULL, 'admin', 'admin', NULL, NULL, 'fenxiao', NULL, NULL, '');
INSERT INTO afc_menu (ID, NAME, CODE, RES_ID, DESCRIPTION, SORT_NO, IS_LEAF, TREE_LEVEL, SEQ, PARENT_ID, TENANT_ID, CREATE_TIME, UPDATE_TIME, CREATE_USER, UPDATE_USER, IS_FIXED, OPEN_TYPE, MENU_ICON, MENU_TYPE, BUSINESS_OBJ_ID, IS_NEW_WINDOW_OPEN) VALUES ('esb-39', '服务器管理', 'serverAll', 'esb-202', NULL, 1, '1', NULL, NULL, 'esb-38', 'sys_tenant', NULL, NULL, 'admin', NULL, NULL, NULL, NULL, NULL, NULL, '');
INSERT INTO afc_menu (ID, NAME, CODE, RES_ID, DESCRIPTION, SORT_NO, IS_LEAF, TREE_LEVEL, SEQ, PARENT_ID, TENANT_ID, CREATE_TIME, UPDATE_TIME, CREATE_USER, UPDATE_USER, IS_FIXED, OPEN_TYPE, MENU_ICON, MENU_TYPE, BUSINESS_OBJ_ID, IS_NEW_WINDOW_OPEN) VALUES ('esb-43', '首页', 'index', NULL, NULL, 1, '0', 0, NULL, 'esb-37', 'sys_tenant',  NULL, NULL, 'admin', 'admin', NULL, NULL, 'shouye', NULL, NULL, '');
INSERT INTO afc_menu (ID, NAME, CODE, RES_ID, DESCRIPTION, SORT_NO, IS_LEAF, TREE_LEVEL, SEQ, PARENT_ID, TENANT_ID, CREATE_TIME, UPDATE_TIME, CREATE_USER, UPDATE_USER, IS_FIXED, OPEN_TYPE, MENU_ICON, MENU_TYPE, BUSINESS_OBJ_ID, IS_NEW_WINDOW_OPEN) VALUES ('esb-44', '控制台', 'controlDesk', 'esb-206', NULL, 1, '1', NULL, NULL, 'esb-43', 'sys_tenant', NULL, NULL, 'admin', NULL, NULL, NULL, NULL, NULL, NULL, '');
INSERT INTO afc_menu (ID, NAME, CODE, RES_ID, DESCRIPTION, SORT_NO, IS_LEAF, TREE_LEVEL, SEQ, PARENT_ID, TENANT_ID, CREATE_TIME, UPDATE_TIME, CREATE_USER, UPDATE_USER, IS_FIXED, OPEN_TYPE, MENU_ICON, MENU_TYPE, BUSINESS_OBJ_ID, IS_NEW_WINDOW_OPEN) VALUES ('esb-45', '监控大屏', 'bigScreen', 'esb-213', NULL, 2, '1', 0, NULL, 'esb-43', 'sys_tenant',  NULL, NULL, 'admin', 'admin', NULL, NULL, NULL, NULL, NULL, '');
INSERT INTO afc_menu (ID, NAME, CODE, RES_ID, DESCRIPTION, SORT_NO, IS_LEAF, TREE_LEVEL, SEQ, PARENT_ID, TENANT_ID, CREATE_TIME, UPDATE_TIME, CREATE_USER, UPDATE_USER, IS_FIXED, OPEN_TYPE, MENU_ICON, MENU_TYPE, BUSINESS_OBJ_ID, IS_NEW_WINDOW_OPEN) VALUES ('esb-46', '配置管理', 'configManage', NULL, NULL, 7, '0', NULL, NULL, 'esb-37', 'sys_tenant', NULL, NULL, 'admin', NULL, NULL, NULL, 'shezhi', NULL, NULL, '');
INSERT INTO afc_menu (ID, NAME, CODE, RES_ID, DESCRIPTION, SORT_NO, IS_LEAF, TREE_LEVEL, SEQ, PARENT_ID, TENANT_ID, CREATE_TIME, UPDATE_TIME, CREATE_USER, UPDATE_USER, IS_FIXED, OPEN_TYPE, MENU_ICON, MENU_TYPE, BUSINESS_OBJ_ID, IS_NEW_WINDOW_OPEN) VALUES ('esb-47', '系统配置', 'systemConfig', 'esb-207', NULL, 1, '1', NULL, NULL, 'esb-46', 'sys_tenant', NULL, NULL, 'admin', NULL, NULL, NULL, NULL, NULL, NULL, '');
INSERT INTO afc_menu (ID, NAME, CODE, RES_ID, DESCRIPTION, SORT_NO, IS_LEAF, TREE_LEVEL, SEQ, PARENT_ID, TENANT_ID, CREATE_TIME, UPDATE_TIME, CREATE_USER, UPDATE_USER, IS_FIXED, OPEN_TYPE, MENU_ICON, MENU_TYPE, BUSINESS_OBJ_ID, IS_NEW_WINDOW_OPEN) VALUES ('esb-48', '变量配置', 'variableConfig', 'esb-208', NULL, 2, '1', 0, NULL, 'esb-46', 'sys_tenant',  NULL, NULL, 'admin', 'admin', NULL, NULL, '', NULL, NULL, '');
INSERT INTO afc_menu (ID, NAME, CODE, RES_ID, DESCRIPTION, SORT_NO, IS_LEAF, TREE_LEVEL, SEQ, PARENT_ID, TENANT_ID, CREATE_TIME, UPDATE_TIME, CREATE_USER, UPDATE_USER, IS_FIXED, OPEN_TYPE, MENU_ICON, MENU_TYPE, BUSINESS_OBJ_ID, IS_NEW_WINDOW_OPEN) VALUES ('esb-49', '服务配置', 'offlineServiceConfig', 'esb-209', NULL, 3, '1', NULL, NULL, 'esb-46', 'sys_tenant', NULL, NULL, 'admin', NULL, NULL, NULL, NULL, NULL, NULL, '');
INSERT INTO afc_menu (ID, NAME, CODE, RES_ID, DESCRIPTION, SORT_NO, IS_LEAF, TREE_LEVEL, SEQ, PARENT_ID, TENANT_ID, CREATE_TIME, UPDATE_TIME, CREATE_USER, UPDATE_USER, IS_FIXED, OPEN_TYPE, MENU_ICON, MENU_TYPE, BUSINESS_OBJ_ID, IS_NEW_WINDOW_OPEN) VALUES ('esb-50', '队列配置', 'queueConfig', 'esb-210', NULL, 4, '1', 0, NULL, 'esb-46', 'sys_tenant',  NULL, NULL, 'admin', 'admin', NULL, NULL, NULL, NULL, NULL, '');
INSERT INTO afc_menu (ID, NAME, CODE, RES_ID, DESCRIPTION, SORT_NO, IS_LEAF, TREE_LEVEL, SEQ, PARENT_ID, TENANT_ID, CREATE_TIME, UPDATE_TIME, CREATE_USER, UPDATE_USER, IS_FIXED, OPEN_TYPE, MENU_ICON, MENU_TYPE, BUSINESS_OBJ_ID, IS_NEW_WINDOW_OPEN) VALUES ('esb-51', '全局监控配置', 'monitorConfigModel', 'esb-211', NULL, 5, '1', NULL, NULL, 'esb-46', 'sys_tenant', NULL, NULL, 'admin', NULL, NULL, NULL, NULL, NULL, NULL, '');
INSERT INTO afc_menu (ID, NAME, CODE, RES_ID, DESCRIPTION, SORT_NO, IS_LEAF, TREE_LEVEL, SEQ, PARENT_ID, TENANT_ID, CREATE_TIME, UPDATE_TIME, CREATE_USER, UPDATE_USER, IS_FIXED, OPEN_TYPE, MENU_ICON, MENU_TYPE, BUSINESS_OBJ_ID, IS_NEW_WINDOW_OPEN) VALUES ('esb-52', '拦截器管理', 'interceptorConfig', 'esb-212', NULL, 6, '1', NULL, NULL, 'esb-46', 'sys_tenant', NULL, NULL, 'admin', NULL, NULL, NULL, NULL, NULL, NULL, '');
INSERT INTO afc_menu (ID, NAME, CODE, RES_ID, DESCRIPTION, SORT_NO, IS_LEAF, TREE_LEVEL, SEQ, PARENT_ID, TENANT_ID, CREATE_TIME, UPDATE_TIME, CREATE_USER, UPDATE_USER, IS_FIXED, OPEN_TYPE, MENU_ICON, MENU_TYPE, BUSINESS_OBJ_ID, IS_NEW_WINDOW_OPEN) VALUES ('esb-53', '日志索引管理', 'resourceWarning', 'esb-214', NULL, 7, '1', NULL, NULL, 'esb-46', 'sys_tenant', NULL, NULL, 'admin', NULL, NULL, NULL, NULL, NULL, NULL, '');
INSERT INTO afc_menu (ID, NAME, CODE, RES_ID, DESCRIPTION, SORT_NO, IS_LEAF, TREE_LEVEL, SEQ, PARENT_ID, TENANT_ID, CREATE_TIME, UPDATE_TIME, CREATE_USER, UPDATE_USER, IS_FIXED, OPEN_TYPE, MENU_ICON, MENU_TYPE, BUSINESS_OBJ_ID, IS_NEW_WINDOW_OPEN) VALUES ('esb-54', '服务配置', 'serverConfig', NULL, NULL, 3, '0', 0, NULL, 'esb-37', 'sys_tenant',  NULL, NULL, 'admin', 'admin', NULL, NULL, 'erweima2', NULL, NULL, '');
INSERT INTO afc_menu (ID, NAME, CODE, RES_ID, DESCRIPTION, SORT_NO, IS_LEAF, TREE_LEVEL, SEQ, PARENT_ID, TENANT_ID, CREATE_TIME, UPDATE_TIME, CREATE_USER, UPDATE_USER, IS_FIXED, OPEN_TYPE, MENU_ICON, MENU_TYPE, BUSINESS_OBJ_ID, IS_NEW_WINDOW_OPEN) VALUES ('esb-55', '通道管理', 'channelManage', 'esb-216', NULL, 1, '1', NULL, NULL, 'esb-54', 'sys_tenant', NULL, NULL, 'admin', NULL, NULL, NULL, NULL, NULL, NULL, '');
INSERT INTO afc_menu (ID, NAME, CODE, RES_ID, DESCRIPTION, SORT_NO, IS_LEAF, TREE_LEVEL, SEQ, PARENT_ID, TENANT_ID, CREATE_TIME, UPDATE_TIME, CREATE_USER, UPDATE_USER, IS_FIXED, OPEN_TYPE, MENU_ICON, MENU_TYPE, BUSINESS_OBJ_ID, IS_NEW_WINDOW_OPEN) VALUES ('esb-56', '证书管理', 'certificateManage', 'esb-217', NULL, 2, '1', NULL, NULL, 'esb-54', 'sys_tenant', NULL, NULL, 'admin', NULL, NULL, NULL, NULL, NULL, NULL, '');
INSERT INTO afc_menu (ID, NAME, CODE, RES_ID, DESCRIPTION, SORT_NO, IS_LEAF, TREE_LEVEL, SEQ, PARENT_ID, TENANT_ID, CREATE_TIME, UPDATE_TIME, CREATE_USER, UPDATE_USER, IS_FIXED, OPEN_TYPE, MENU_ICON, MENU_TYPE, BUSINESS_OBJ_ID, IS_NEW_WINDOW_OPEN) VALUES ('esb-57', '主题管理', 'themeManage', 'esb-218', NULL, 3, '1', NULL, NULL, 'esb-54', 'sys_tenant', NULL, NULL, 'admin', NULL, NULL, NULL, NULL, NULL, NULL, '');
INSERT INTO afc_menu (ID, NAME, CODE, RES_ID, DESCRIPTION, SORT_NO, IS_LEAF, TREE_LEVEL, SEQ, PARENT_ID, TENANT_ID, CREATE_TIME, UPDATE_TIME, CREATE_USER, UPDATE_USER, IS_FIXED, OPEN_TYPE, MENU_ICON, MENU_TYPE, BUSINESS_OBJ_ID, IS_NEW_WINDOW_OPEN) VALUES ('esb-58', '数据源管理', 'dataRelease', 'esb-219', NULL, 4, '1', NULL, NULL, 'esb-54', 'sys_tenant', NULL, NULL, 'admin', NULL, NULL, NULL, NULL, NULL, NULL, '');
INSERT INTO afc_menu (ID, NAME, CODE, RES_ID, DESCRIPTION, SORT_NO, IS_LEAF, TREE_LEVEL, SEQ, PARENT_ID, TENANT_ID, CREATE_TIME, UPDATE_TIME, CREATE_USER, UPDATE_USER, IS_FIXED, OPEN_TYPE, MENU_ICON, MENU_TYPE, BUSINESS_OBJ_ID, IS_NEW_WINDOW_OPEN) VALUES ('esb-59', '业务服务地址', 'businessServiceAddress', 'esb-220', NULL, 3, '1', NULL, NULL, 'esb-54', 'sys_tenant', NULL, NULL, 'admin', NULL, NULL, NULL, NULL, NULL, NULL, '');
INSERT INTO afc_menu (ID, NAME, CODE, RES_ID, DESCRIPTION, SORT_NO, IS_LEAF, TREE_LEVEL, SEQ, PARENT_ID, TENANT_ID, CREATE_TIME, UPDATE_TIME, CREATE_USER, UPDATE_USER, IS_FIXED, OPEN_TYPE, MENU_ICON, MENU_TYPE, BUSINESS_OBJ_ID, IS_NEW_WINDOW_OPEN) VALUES ('esb-60', '服务管理', 'serviceManage', NULL, NULL, 4, '0', NULL, NULL, 'esb-37', 'sys_tenant', NULL, NULL, 'admin', NULL, NULL, NULL, 'liebiaoxingshi', NULL, NULL, '');
INSERT INTO afc_menu (ID, NAME, CODE, RES_ID, DESCRIPTION, SORT_NO, IS_LEAF, TREE_LEVEL, SEQ, PARENT_ID, TENANT_ID, CREATE_TIME, UPDATE_TIME, CREATE_USER, UPDATE_USER, IS_FIXED, OPEN_TYPE, MENU_ICON, MENU_TYPE, BUSINESS_OBJ_ID, IS_NEW_WINDOW_OPEN) VALUES ('esb-61', '服务注册', 'serviceRegister', 'esb-227', NULL, 1, '1', NULL, NULL, 'esb-60', 'sys_tenant', NULL, NULL, 'admin', NULL, NULL, NULL, NULL, NULL, NULL, '');
INSERT INTO afc_menu (ID, NAME, CODE, RES_ID, DESCRIPTION, SORT_NO, IS_LEAF, TREE_LEVEL, SEQ, PARENT_ID, TENANT_ID, CREATE_TIME, UPDATE_TIME, CREATE_USER, UPDATE_USER, IS_FIXED, OPEN_TYPE, MENU_ICON, MENU_TYPE, BUSINESS_OBJ_ID, IS_NEW_WINDOW_OPEN) VALUES ('esb-62', '监控统计', 'countMonitor', NULL, NULL, 6, '0', NULL, NULL, 'esb-37', 'sys_tenant', NULL, NULL, 'admin', NULL, NULL, NULL, 'shuju', NULL, NULL, '');
INSERT INTO afc_menu (ID, NAME, CODE, RES_ID, DESCRIPTION, SORT_NO, IS_LEAF, TREE_LEVEL, SEQ, PARENT_ID, TENANT_ID, CREATE_TIME, UPDATE_TIME, CREATE_USER, UPDATE_USER, IS_FIXED, OPEN_TYPE, MENU_ICON, MENU_TYPE, BUSINESS_OBJ_ID, IS_NEW_WINDOW_OPEN) VALUES ('esb-63', '服务查询', 'assetQuery', 'esb-229', NULL, 2, '1', NULL, NULL, 'esb-60', 'sys_tenant', NULL, NULL, 'admin', NULL, NULL, NULL, NULL, NULL, NULL, '');
INSERT INTO afc_menu (ID, NAME, CODE, RES_ID, DESCRIPTION, SORT_NO, IS_LEAF, TREE_LEVEL, SEQ, PARENT_ID, TENANT_ID, CREATE_TIME, UPDATE_TIME, CREATE_USER, UPDATE_USER, IS_FIXED, OPEN_TYPE, MENU_ICON, MENU_TYPE, BUSINESS_OBJ_ID, IS_NEW_WINDOW_OPEN) VALUES ('esb-64', '接口服务统计', 'serviceInvoke', 'esb-221', NULL, 1, '1', NULL, NULL, 'esb-62', 'sys_tenant', NULL, NULL, 'admin', NULL, NULL, NULL, NULL, NULL, NULL, '');
INSERT INTO afc_menu (ID, NAME, CODE, RES_ID, DESCRIPTION, SORT_NO, IS_LEAF, TREE_LEVEL, SEQ, PARENT_ID, TENANT_ID, CREATE_TIME, UPDATE_TIME, CREATE_USER, UPDATE_USER, IS_FIXED, OPEN_TYPE, MENU_ICON, MENU_TYPE, BUSINESS_OBJ_ID, IS_NEW_WINDOW_OPEN) VALUES ('esb-65', '接口状态管理', 'serviceStatusManage', 'esb-230', NULL, 3, '1', NULL, NULL, 'esb-60', 'sys_tenant', NULL, NULL, 'admin', NULL, NULL, NULL, NULL, NULL, NULL, '');
INSERT INTO afc_menu (ID, NAME, CODE, RES_ID, DESCRIPTION, SORT_NO, IS_LEAF, TREE_LEVEL, SEQ, PARENT_ID, TENANT_ID, CREATE_TIME, UPDATE_TIME, CREATE_USER, UPDATE_USER, IS_FIXED, OPEN_TYPE, MENU_ICON, MENU_TYPE, BUSINESS_OBJ_ID, IS_NEW_WINDOW_OPEN) VALUES ('esb-66', '系统调用关系', 'relationGraph', 'esb-222', NULL, 2, '1', NULL, NULL, 'esb-62', 'sys_tenant', NULL, NULL, 'admin', NULL, NULL, NULL, NULL, NULL, NULL, '');
INSERT INTO afc_menu (ID, NAME, CODE, RES_ID, DESCRIPTION, SORT_NO, IS_LEAF, TREE_LEVEL, SEQ, PARENT_ID, TENANT_ID, CREATE_TIME, UPDATE_TIME, CREATE_USER, UPDATE_USER, IS_FIXED, OPEN_TYPE, MENU_ICON, MENU_TYPE, BUSINESS_OBJ_ID, IS_NEW_WINDOW_OPEN) VALUES ('esb-67', '发布订阅', 'subscriptionManage', 'esb-231', NULL, 4, '1', NULL, NULL, 'esb-60', 'sys_tenant', NULL, NULL, 'admin', NULL, NULL, NULL, NULL, NULL, NULL, '');
INSERT INTO afc_menu (ID, NAME, CODE, RES_ID, DESCRIPTION, SORT_NO, IS_LEAF, TREE_LEVEL, SEQ, PARENT_ID, TENANT_ID, CREATE_TIME, UPDATE_TIME, CREATE_USER, UPDATE_USER, IS_FIXED, OPEN_TYPE, MENU_ICON, MENU_TYPE, BUSINESS_OBJ_ID, IS_NEW_WINDOW_OPEN) VALUES ('esb-68', '业务监控', 'transactionSearch', 'esb-223', NULL, 3, '1', NULL, NULL, 'esb-62', 'sys_tenant', NULL, NULL, 'admin', NULL, NULL, NULL, NULL, NULL, NULL, '');
INSERT INTO afc_menu (ID, NAME, CODE, RES_ID, DESCRIPTION, SORT_NO, IS_LEAF, TREE_LEVEL, SEQ, PARENT_ID, TENANT_ID, CREATE_TIME, UPDATE_TIME, CREATE_USER, UPDATE_USER, IS_FIXED, OPEN_TYPE, MENU_ICON, MENU_TYPE, BUSINESS_OBJ_ID, IS_NEW_WINDOW_OPEN) VALUES ('esb-69', '服务探测', 'serviceProbe', 'esb-232', NULL, 5, '1', 0, NULL, 'esb-60', 'sys_tenant', NULL, NULL, 'admin', 'admin', NULL, NULL, NULL, NULL, NULL, '');
INSERT INTO afc_menu (ID, NAME, CODE, RES_ID, DESCRIPTION, SORT_NO, IS_LEAF, TREE_LEVEL, SEQ, PARENT_ID, TENANT_ID, CREATE_TIME, UPDATE_TIME, CREATE_USER, UPDATE_USER, IS_FIXED, OPEN_TYPE, MENU_ICON, MENU_TYPE, BUSINESS_OBJ_ID, IS_NEW_WINDOW_OPEN) VALUES ('esb-70', '资源监控', 'resourceMonitor', 'esb-224', NULL, 4, '1', NULL, NULL, 'esb-62', 'sys_tenant', NULL, NULL, 'admin', NULL, NULL, NULL, NULL, NULL, NULL, '');
INSERT INTO afc_menu (ID, NAME, CODE, RES_ID, DESCRIPTION, SORT_NO, IS_LEAF, TREE_LEVEL, SEQ, PARENT_ID, TENANT_ID, CREATE_TIME, UPDATE_TIME, CREATE_USER, UPDATE_USER, IS_FIXED, OPEN_TYPE, MENU_ICON, MENU_TYPE, BUSINESS_OBJ_ID, IS_NEW_WINDOW_OPEN) VALUES ('esb-71', '失败交易重发', 'abnormalQuery', 'esb-233', NULL, 6, '1', NULL, NULL, 'esb-60', 'sys_tenant', NULL, NULL, 'admin', NULL, NULL, NULL, NULL, NULL, NULL, '');
INSERT INTO afc_menu (ID, NAME, CODE, RES_ID, DESCRIPTION, SORT_NO, IS_LEAF, TREE_LEVEL, SEQ, PARENT_ID, TENANT_ID, CREATE_TIME, UPDATE_TIME, CREATE_USER, UPDATE_USER, IS_FIXED, OPEN_TYPE, MENU_ICON, MENU_TYPE, BUSINESS_OBJ_ID, IS_NEW_WINDOW_OPEN) VALUES ('esb-72', '订阅日志', 'logRecord', 'esb-226', NULL, 5, '1', NULL, NULL, 'esb-62', 'sys_tenant', NULL, NULL, 'admin', NULL, NULL, NULL, NULL, NULL, NULL, '');
INSERT INTO afc_menu (ID, NAME, CODE, RES_ID, DESCRIPTION, SORT_NO, IS_LEAF, TREE_LEVEL, SEQ, PARENT_ID, TENANT_ID, CREATE_TIME, UPDATE_TIME, CREATE_USER, UPDATE_USER, IS_FIXED, OPEN_TYPE, MENU_ICON, MENU_TYPE, BUSINESS_OBJ_ID, IS_NEW_WINDOW_OPEN) VALUES ('esb-73', '系统告警', 'systemWarning', 'esb-228', NULL, 6, '1', NULL, NULL, 'esb-62', 'sys_tenant', NULL, NULL, 'admin', NULL, NULL, NULL, NULL, NULL, NULL, '');
INSERT INTO afc_menu (ID, NAME, CODE, RES_ID, DESCRIPTION, SORT_NO, IS_LEAF, TREE_LEVEL, SEQ, PARENT_ID, TENANT_ID, CREATE_TIME, UPDATE_TIME, CREATE_USER, UPDATE_USER, IS_FIXED, OPEN_TYPE, MENU_ICON, MENU_TYPE, BUSINESS_OBJ_ID, IS_NEW_WINDOW_OPEN) VALUES ('esb-74', '访问管理', 'visitManage', NULL, NULL, 5, '0', 0, NULL, 'esb-37', 'sys_tenant', NULL, NULL, 'admin', 'admin', NULL, NULL, 'pinglun_3', NULL, NULL, '');
INSERT INTO afc_menu (ID, NAME, CODE, RES_ID, DESCRIPTION, SORT_NO, IS_LEAF, TREE_LEVEL, SEQ, PARENT_ID, TENANT_ID, CREATE_TIME, UPDATE_TIME, CREATE_USER, UPDATE_USER, IS_FIXED, OPEN_TYPE, MENU_ICON, MENU_TYPE, BUSINESS_OBJ_ID, IS_NEW_WINDOW_OPEN) VALUES ('esb-75', '访问配置', 'visitConfig', 'esb-235', NULL, 1, '1', NULL, NULL, 'esb-74', 'sys_tenant', NULL, NULL, 'admin', NULL, NULL, NULL, NULL, NULL, NULL, '');
INSERT INTO afc_menu (ID, NAME, CODE, RES_ID, DESCRIPTION, SORT_NO, IS_LEAF, TREE_LEVEL, SEQ, PARENT_ID, TENANT_ID, CREATE_TIME, UPDATE_TIME, CREATE_USER, UPDATE_USER, IS_FIXED, OPEN_TYPE, MENU_ICON, MENU_TYPE, BUSINESS_OBJ_ID, IS_NEW_WINDOW_OPEN) VALUES ('esb-76', '黑白名单', 'visitList', 'esb-236', NULL, 2, '1', NULL, NULL, 'esb-74', 'sys_tenant', NULL, NULL, 'admin', NULL, NULL, NULL, NULL, NULL, NULL, '');
INSERT INTO afc_menu (ID, NAME, CODE, RES_ID, DESCRIPTION, SORT_NO, IS_LEAF, TREE_LEVEL, SEQ, PARENT_ID, TENANT_ID, CREATE_TIME, UPDATE_TIME, CREATE_USER, UPDATE_USER, IS_FIXED, OPEN_TYPE, MENU_ICON, MENU_TYPE, BUSINESS_OBJ_ID, IS_NEW_WINDOW_OPEN) VALUES ('esb-77', '调用关系配置', 'invokeConfig', 'esb-237', NULL, 3, '1', NULL, NULL, 'esb-74', 'sys_tenant', NULL, NULL, 'admin', NULL, NULL, NULL, NULL, NULL, NULL, '');
INSERT INTO afc_menu (ID, NAME, CODE, RES_ID, DESCRIPTION, SORT_NO, IS_LEAF, TREE_LEVEL, SEQ, PARENT_ID, TENANT_ID, CREATE_TIME, UPDATE_TIME, CREATE_USER, UPDATE_USER, IS_FIXED, OPEN_TYPE, MENU_ICON, MENU_TYPE, BUSINESS_OBJ_ID, IS_NEW_WINDOW_OPEN) VALUES ('esb-78', '令牌管理', 'tokenConfig', 'esb-238', NULL, 4, '1', NULL, NULL, 'esb-74', 'sys_tenant', NULL, NULL, 'admin', NULL, NULL, NULL, NULL, NULL, NULL, '');
INSERT INTO afc_menu (ID, NAME, CODE, RES_ID, DESCRIPTION, SORT_NO, IS_LEAF, TREE_LEVEL, SEQ, PARENT_ID, TENANT_ID, CREATE_TIME, UPDATE_TIME, CREATE_USER, UPDATE_USER, IS_FIXED, OPEN_TYPE, MENU_ICON, MENU_TYPE, BUSINESS_OBJ_ID, IS_NEW_WINDOW_OPEN) VALUES ('esb-81', '服务模型管理', 'serverDeploy', 'esb-241', NULL, 3, '1', NULL, NULL, 'esb-38', 'sys_tenant', NULL, NULL, 'admin', NULL, NULL, NULL, NULL, NULL, NULL, '');
INSERT INTO afc_menu (ID, NAME, CODE, RES_ID, DESCRIPTION, SORT_NO, IS_LEAF, TREE_LEVEL, SEQ, PARENT_ID, TENANT_ID, CREATE_TIME, UPDATE_TIME, CREATE_USER, UPDATE_USER, IS_FIXED, OPEN_TYPE, MENU_ICON, MENU_TYPE, BUSINESS_OBJ_ID, IS_NEW_WINDOW_OPEN) VALUES ('esb-82', '安全审计', 'securityAudit', NULL, NULL, 8, '0', 0, NULL, 'esb-37', 'sys_tenant', NULL, NULL, 'admin', 'admin', NULL, NULL, 'shenqingjilu', NULL, NULL, '');
INSERT INTO afc_menu (ID, NAME, CODE, RES_ID, DESCRIPTION, SORT_NO, IS_LEAF, TREE_LEVEL, SEQ, PARENT_ID, TENANT_ID, CREATE_TIME, UPDATE_TIME, CREATE_USER, UPDATE_USER, IS_FIXED, OPEN_TYPE, MENU_ICON, MENU_TYPE, BUSINESS_OBJ_ID, IS_NEW_WINDOW_OPEN) VALUES ('esb-83', '审计日志', 'operationLogger', 'esb-242', NULL, 1, '1', NULL, NULL, 'esb-82', 'sys_tenant', NULL, NULL, 'admin', NULL, NULL, NULL, NULL, NULL, NULL, '');

/*==============================================================*/
/* Table: 创建权限                                                */
/*==============================================================*/
INSERT INTO afc_role_template (ID, NAME, CODE, DESCRIPTION, TYPES, BUSINESS_OBJ_ID, IS_FIXED) VALUES ('esb-1', 'esb安全管理员', 'esb-security-manager', 'esb安全管理员', 'platform', NULL, '1');
INSERT INTO afc_role_template (ID, NAME, CODE, DESCRIPTION, TYPES, BUSINESS_OBJ_ID, IS_FIXED) VALUES ('esb-2', 'esb系统管理员', 'esb-sysadmin-manager', 'esb系统管理员', 'platform', NULL, '1');

INSERT INTO afc_role (ID, NAME, CODE, DESCRIPTION, ROLE_TPL_ID, TYPES, BUSINESS_OBJ_ID, TENANT_ID, CREATE_TIME, UPDATE_TIME, CREATE_USER, UPDATE_USER, IS_FIXED) VALUES ('esb-21', 'esb管理员', 'esb-sysadmin', '', NULL, 'platform', NULL, 'sys_tenant', NULL, NULL, 'admin', NULL, '0');

/*==============================================================*/
/* Table: esb管理员                                              */
/*==============================================================*/
INSERT INTO afc_r_res_role (ID, RES_ID, RES_TYPE, ROLE_ID, ROLE_TYPE, BUSINESS_OBJ_ID, BUSINESS_OBJ_INST_ID, TENANT_ID, IS_FIXED) VALUES ('esb-407', 'esb-204', 'url', 'esb-21', 'platform', NULL, NULL, 'sys_tenant', NULL);
INSERT INTO afc_r_res_role (ID, RES_ID, RES_TYPE, ROLE_ID, ROLE_TYPE, BUSINESS_OBJ_ID, BUSINESS_OBJ_INST_ID, TENANT_ID, IS_FIXED) VALUES ('esb-408', 'esb-206', 'url', 'esb-21', 'platform', NULL, NULL, 'sys_tenant', NULL);
INSERT INTO afc_r_res_role (ID, RES_ID, RES_TYPE, ROLE_ID, ROLE_TYPE, BUSINESS_OBJ_ID, BUSINESS_OBJ_INST_ID, TENANT_ID, IS_FIXED) VALUES ('esb-409', 'esb-213', 'url', 'esb-21', 'platform', NULL, NULL, 'sys_tenant', NULL);
INSERT INTO afc_r_res_role (ID, RES_ID, RES_TYPE, ROLE_ID, ROLE_TYPE, BUSINESS_OBJ_ID, BUSINESS_OBJ_INST_ID, TENANT_ID, IS_FIXED) VALUES ('esb-410', 'esb-202', 'url', 'esb-21', 'platform', NULL, NULL, 'sys_tenant', NULL);
INSERT INTO afc_r_res_role (ID, RES_ID, RES_TYPE, ROLE_ID, ROLE_TYPE, BUSINESS_OBJ_ID, BUSINESS_OBJ_INST_ID, TENANT_ID, IS_FIXED) VALUES ('esb-411', 'esb-241', 'url', 'esb-21', 'platform', NULL, NULL, 'sys_tenant', NULL);
INSERT INTO afc_r_res_role (ID, RES_ID, RES_TYPE, ROLE_ID, ROLE_TYPE, BUSINESS_OBJ_ID, BUSINESS_OBJ_INST_ID, TENANT_ID, IS_FIXED) VALUES ('esb-412', 'esb-216', 'url', 'esb-21', 'platform', NULL, NULL, 'sys_tenant', NULL);
INSERT INTO afc_r_res_role (ID, RES_ID, RES_TYPE, ROLE_ID, ROLE_TYPE, BUSINESS_OBJ_ID, BUSINESS_OBJ_INST_ID, TENANT_ID, IS_FIXED) VALUES ('esb-413', 'esb-217', 'url', 'esb-21', 'platform', NULL, NULL, 'sys_tenant', NULL);
INSERT INTO afc_r_res_role (ID, RES_ID, RES_TYPE, ROLE_ID, ROLE_TYPE, BUSINESS_OBJ_ID, BUSINESS_OBJ_INST_ID, TENANT_ID, IS_FIXED) VALUES ('esb-414', 'esb-218', 'url', 'esb-21', 'platform', NULL, NULL, 'sys_tenant', NULL);
INSERT INTO afc_r_res_role (ID, RES_ID, RES_TYPE, ROLE_ID, ROLE_TYPE, BUSINESS_OBJ_ID, BUSINESS_OBJ_INST_ID, TENANT_ID, IS_FIXED) VALUES ('esb-415', 'esb-219', 'url', 'esb-21', 'platform', NULL, NULL, 'sys_tenant', NULL);
INSERT INTO afc_r_res_role (ID, RES_ID, RES_TYPE, ROLE_ID, ROLE_TYPE, BUSINESS_OBJ_ID, BUSINESS_OBJ_INST_ID, TENANT_ID, IS_FIXED) VALUES ('esb-416', 'esb-220', 'url', 'esb-21', 'platform', NULL, NULL, 'sys_tenant', NULL);
INSERT INTO afc_r_res_role (ID, RES_ID, RES_TYPE, ROLE_ID, ROLE_TYPE, BUSINESS_OBJ_ID, BUSINESS_OBJ_INST_ID, TENANT_ID, IS_FIXED) VALUES ('esb-417', 'esb-227', 'url', 'esb-21', 'platform', NULL, NULL, 'sys_tenant', NULL);
INSERT INTO afc_r_res_role (ID, RES_ID, RES_TYPE, ROLE_ID, ROLE_TYPE, BUSINESS_OBJ_ID, BUSINESS_OBJ_INST_ID, TENANT_ID, IS_FIXED) VALUES ('esb-418', 'esb-229', 'url', 'esb-21', 'platform', NULL, NULL, 'sys_tenant', NULL);
INSERT INTO afc_r_res_role (ID, RES_ID, RES_TYPE, ROLE_ID, ROLE_TYPE, BUSINESS_OBJ_ID, BUSINESS_OBJ_INST_ID, TENANT_ID, IS_FIXED) VALUES ('esb-419', 'esb-230', 'url', 'esb-21', 'platform', NULL, NULL, 'sys_tenant', NULL);
INSERT INTO afc_r_res_role (ID, RES_ID, RES_TYPE, ROLE_ID, ROLE_TYPE, BUSINESS_OBJ_ID, BUSINESS_OBJ_INST_ID, TENANT_ID, IS_FIXED) VALUES ('esb-420', 'esb-231', 'url', 'esb-21', 'platform', NULL, NULL, 'sys_tenant', NULL);
INSERT INTO afc_r_res_role (ID, RES_ID, RES_TYPE, ROLE_ID, ROLE_TYPE, BUSINESS_OBJ_ID, BUSINESS_OBJ_INST_ID, TENANT_ID, IS_FIXED) VALUES ('esb-421', 'esb-232', 'url', 'esb-21', 'platform', NULL, NULL, 'sys_tenant', NULL);
INSERT INTO afc_r_res_role (ID, RES_ID, RES_TYPE, ROLE_ID, ROLE_TYPE, BUSINESS_OBJ_ID, BUSINESS_OBJ_INST_ID, TENANT_ID, IS_FIXED) VALUES ('esb-422', 'esb-233', 'url', 'esb-21', 'platform', NULL, NULL, 'sys_tenant', NULL);
INSERT INTO afc_r_res_role (ID, RES_ID, RES_TYPE, ROLE_ID, ROLE_TYPE, BUSINESS_OBJ_ID, BUSINESS_OBJ_INST_ID, TENANT_ID, IS_FIXED) VALUES ('esb-423', 'esb-235', 'url', 'esb-21', 'platform', NULL, NULL, 'sys_tenant', NULL);
INSERT INTO afc_r_res_role (ID, RES_ID, RES_TYPE, ROLE_ID, ROLE_TYPE, BUSINESS_OBJ_ID, BUSINESS_OBJ_INST_ID, TENANT_ID, IS_FIXED) VALUES ('esb-424', 'esb-236', 'url', 'esb-21', 'platform', NULL, NULL, 'sys_tenant', NULL);
INSERT INTO afc_r_res_role (ID, RES_ID, RES_TYPE, ROLE_ID, ROLE_TYPE, BUSINESS_OBJ_ID, BUSINESS_OBJ_INST_ID, TENANT_ID, IS_FIXED) VALUES ('esb-425', 'esb-237', 'url', 'esb-21', 'platform', NULL, NULL, 'sys_tenant', NULL);
INSERT INTO afc_r_res_role (ID, RES_ID, RES_TYPE, ROLE_ID, ROLE_TYPE, BUSINESS_OBJ_ID, BUSINESS_OBJ_INST_ID, TENANT_ID, IS_FIXED) VALUES ('esb-426', 'esb-238', 'url', 'esb-21', 'platform', NULL, NULL, 'sys_tenant', NULL);
INSERT INTO afc_r_res_role (ID, RES_ID, RES_TYPE, ROLE_ID, ROLE_TYPE, BUSINESS_OBJ_ID, BUSINESS_OBJ_INST_ID, TENANT_ID, IS_FIXED) VALUES ('esb-427', 'esb-221', 'url', 'esb-21', 'platform', NULL, NULL, 'sys_tenant', NULL);
INSERT INTO afc_r_res_role (ID, RES_ID, RES_TYPE, ROLE_ID, ROLE_TYPE, BUSINESS_OBJ_ID, BUSINESS_OBJ_INST_ID, TENANT_ID, IS_FIXED) VALUES ('esb-428', 'esb-222', 'url', 'esb-21', 'platform', NULL, NULL, 'sys_tenant', NULL);
INSERT INTO afc_r_res_role (ID, RES_ID, RES_TYPE, ROLE_ID, ROLE_TYPE, BUSINESS_OBJ_ID, BUSINESS_OBJ_INST_ID, TENANT_ID, IS_FIXED) VALUES ('esb-429', 'esb-223', 'url', 'esb-21', 'platform', NULL, NULL, 'sys_tenant', NULL);
INSERT INTO afc_r_res_role (ID, RES_ID, RES_TYPE, ROLE_ID, ROLE_TYPE, BUSINESS_OBJ_ID, BUSINESS_OBJ_INST_ID, TENANT_ID, IS_FIXED) VALUES ('esb-430', 'esb-224', 'url', 'esb-21', 'platform', NULL, NULL, 'sys_tenant', NULL);
INSERT INTO afc_r_res_role (ID, RES_ID, RES_TYPE, ROLE_ID, ROLE_TYPE, BUSINESS_OBJ_ID, BUSINESS_OBJ_INST_ID, TENANT_ID, IS_FIXED) VALUES ('esb-431', 'esb-226', 'url', 'esb-21', 'platform', NULL, NULL, 'sys_tenant', NULL);
INSERT INTO afc_r_res_role (ID, RES_ID, RES_TYPE, ROLE_ID, ROLE_TYPE, BUSINESS_OBJ_ID, BUSINESS_OBJ_INST_ID, TENANT_ID, IS_FIXED) VALUES ('esb-432', 'esb-228', 'url', 'esb-21', 'platform', NULL, NULL, 'sys_tenant', NULL);
INSERT INTO afc_r_res_role (ID, RES_ID, RES_TYPE, ROLE_ID, ROLE_TYPE, BUSINESS_OBJ_ID, BUSINESS_OBJ_INST_ID, TENANT_ID, IS_FIXED) VALUES ('esb-433', 'esb-207', 'url', 'esb-21', 'platform', NULL, NULL, 'sys_tenant', NULL);
INSERT INTO afc_r_res_role (ID, RES_ID, RES_TYPE, ROLE_ID, ROLE_TYPE, BUSINESS_OBJ_ID, BUSINESS_OBJ_INST_ID, TENANT_ID, IS_FIXED) VALUES ('esb-434', 'esb-208', 'url', 'esb-21', 'platform', NULL, NULL, 'sys_tenant', NULL);
INSERT INTO afc_r_res_role (ID, RES_ID, RES_TYPE, ROLE_ID, ROLE_TYPE, BUSINESS_OBJ_ID, BUSINESS_OBJ_INST_ID, TENANT_ID, IS_FIXED) VALUES ('esb-435', 'esb-209', 'url', 'esb-21', 'platform', NULL, NULL, 'sys_tenant', NULL);
INSERT INTO afc_r_res_role (ID, RES_ID, RES_TYPE, ROLE_ID, ROLE_TYPE, BUSINESS_OBJ_ID, BUSINESS_OBJ_INST_ID, TENANT_ID, IS_FIXED) VALUES ('esb-436', 'esb-210', 'url', 'esb-21', 'platform', NULL, NULL, 'sys_tenant', NULL);
INSERT INTO afc_r_res_role (ID, RES_ID, RES_TYPE, ROLE_ID, ROLE_TYPE, BUSINESS_OBJ_ID, BUSINESS_OBJ_INST_ID, TENANT_ID, IS_FIXED) VALUES ('esb-437', 'esb-211', 'url', 'esb-21', 'platform', NULL, NULL, 'sys_tenant', NULL);
INSERT INTO afc_r_res_role (ID, RES_ID, RES_TYPE, ROLE_ID, ROLE_TYPE, BUSINESS_OBJ_ID, BUSINESS_OBJ_INST_ID, TENANT_ID, IS_FIXED) VALUES ('esb-438', 'esb-212', 'url', 'esb-21', 'platform', NULL, NULL, 'sys_tenant', NULL);
INSERT INTO afc_r_res_role (ID, RES_ID, RES_TYPE, ROLE_ID, ROLE_TYPE, BUSINESS_OBJ_ID, BUSINESS_OBJ_INST_ID, TENANT_ID, IS_FIXED) VALUES ('esb-439', 'esb-214', 'url', 'esb-21', 'platform', NULL, NULL, 'sys_tenant', NULL);

/*==============================================================*/
/* Table: 审计用户                                              */
/*==============================================================*/
INSERT INTO afc_r_res_role (ID, RES_ID, RES_TYPE, ROLE_ID, ROLE_TYPE, BUSINESS_OBJ_ID, BUSINESS_OBJ_INST_ID, TENANT_ID, IS_FIXED) VALUES ('esb-455', 'esb-242', 'url', '2', 'platform', NULL, NULL, 'sys_tenant', NULL);

/*==============================================================*/
/* Table: 安全管理员                                             */
/*==============================================================*/
UPDATE afc_resource_template SET ROLE_TPL_CODE = 'afc-role-tenant-manager,afc-role-system-admin-manager,afc-role-security-manager,esb-security-manager' WHERE ID = '641';
UPDATE afc_resource_template SET ROLE_TPL_CODE = 'afc-role-tenant-manager,afc-role-security-manager,esb-security-manager' WHERE ID = '642';
UPDATE afc_resource_template SET ROLE_TPL_CODE = 'afc-role-tenant-manager,afc-role-system-admin-manager,esb-security-manager' WHERE ID = '648';
UPDATE afc_resource_template SET ROLE_TPL_CODE = 'afc-role-tenant-manager,esb-security-manager' WHERE ID = '650';
UPDATE afc_resource_template SET ROLE_TPL_CODE = 'afc-role-tenant-manager,afc-role-security-manager,esb-security-manager' WHERE ID = '651';
UPDATE afc_resource_template SET ROLE_TPL_CODE = 'afc-role-tenant-manager,esb-security-manager' WHERE ID = '652';
UPDATE afc_resource_template SET ROLE_TPL_CODE = 'afc-role-tenant-manager,afc-role-security-manager,esb-security-manager' WHERE ID = '653';
UPDATE afc_resource_template SET ROLE_TPL_CODE = 'afc-role-tenant-manager,esb-security-manager' WHERE ID = '660';
UPDATE afc_resource_template SET ROLE_TPL_CODE = 'afc-role-tenant-manager,afc-role-security-manager,esb-security-manager' WHERE ID = '661';
UPDATE afc_resource_template SET ROLE_TPL_CODE = 'afc-role-tenant-manager,afc-role-security-manager,esb-security-manager' WHERE ID = '663';
UPDATE afc_resource_template SET ROLE_TPL_CODE = 'afc-role-sys-manager,afc-role-audit-manager,afc-role-security-manager,afc-role-tenant-manager,afc-role-org-manager,afc-role-system-admin-manager,esb-security-manager' WHERE ID = '750';
UPDATE afc_resource_template SET ROLE_TPL_CODE = 'afc-role-tenant-manager,afc-role-security-manager,afc-role-system-admin-manager,esb-security-manager' WHERE ID = '758';
UPDATE afc_resource_template SET ROLE_TPL_CODE = 'afc-role-tenant-manager,afc-role-security-manager,afc-role-system-admin-manager,esb-security-manager' WHERE ID = '772';
UPDATE afc_resource_template SET ROLE_TPL_CODE = 'afc-role-tenant-manager,afc-role-system-admin-manager,esb-security-manager' WHERE ID = '773';
UPDATE afc_resource_template SET ROLE_TPL_CODE = 'afc-role-tenant-manager,afc-role-security-manager,esb-security-manager' WHERE ID = '775';
UPDATE afc_resource_template SET ROLE_TPL_CODE = 'afc-role-tenant-manager,afc-role-system-admin-manager,esb-security-manager' WHERE ID = '776';
UPDATE afc_resource_template SET ROLE_TPL_CODE = 'afc-role-tenant-manager,afc-role-org-manager,afc-role-system-admin-manager,esb-security-manager' WHERE ID = '796';
UPDATE afc_resource_template SET ROLE_TPL_CODE = 'afc-role-tenant-manager,afc-role-org-manager,afc-role-system-admin-manager,esb-security-manager' WHERE ID = '797';
UPDATE afc_resource_template SET ROLE_TPL_CODE = 'afc-role-tenant-manager,afc-role-org-manager,esb-security-manager' WHERE ID = '798';
UPDATE afc_resource_template SET ROLE_TPL_CODE = 'afc-role-tenant-manager,afc-role-org-manager,esb-security-manager' WHERE ID = '799';
UPDATE afc_resource_template SET ROLE_TPL_CODE = 'afc-role-tenant-manager,afc-role-system-admin-manager,esb-security-manager' WHERE ID = '817';
UPDATE afc_resource_template SET ROLE_TPL_CODE = 'afc-role-tenant-manager,esb-security-manager' WHERE ID = '818';
UPDATE afc_resource_template SET ROLE_TPL_CODE = 'afc-role-tenant-manager,esb-security-manager' WHERE ID = '819';
UPDATE afc_resource_template SET ROLE_TPL_CODE = 'afc-role-tenant-manager,afc-role-system-admin-manager,esb-security-manager' WHERE ID = '828';
UPDATE afc_resource_template SET ROLE_TPL_CODE = 'afc-role-tenant-manager,esb-security-manager' WHERE ID = '829';
UPDATE afc_resource_template SET ROLE_TPL_CODE = 'afc-role-tenant-manager,esb-security-manager' WHERE ID = '830';
UPDATE afc_resource_template SET ROLE_TPL_CODE = 'afc-role-tenant-manager,afc-role-security-manager,esb-security-manager' WHERE ID = '831';
UPDATE afc_resource_template SET ROLE_TPL_CODE = 'afc-role-tenant-manager,afc-role-security-manager,esb-security-manager' WHERE ID = '832';
UPDATE afc_resource_template SET ROLE_TPL_CODE = 'afc-role-tenant-manager,afc-role-security-manager,esb-security-manager' WHERE ID = '834';
UPDATE afc_resource_template SET ROLE_TPL_CODE = 'afc-role-tenant-manager,afc-role-security-manager,esb-security-manager' WHERE ID = '835';
UPDATE afc_resource_template SET ROLE_TPL_CODE = 'afc-role-tenant-manager,afc-role-security-manager,esb-security-manager' WHERE ID = '836';
UPDATE afc_resource_template SET ROLE_TPL_CODE = 'afc-role-tenant-manager,afc-role-security-manager,esb-security-manager' WHERE ID = '837';
UPDATE afc_resource_template SET ROLE_TPL_CODE = 'afc-role-tenant-manager,afc-role-security-manager,esb-security-manager' WHERE ID = '838';
UPDATE afc_resource_template SET ROLE_TPL_CODE = 'afc-role-tenant-manager,demo-role-project-manager,afc-role-security-manager,esb-security-manager' WHERE ID = '839';
UPDATE afc_resource_template SET ROLE_TPL_CODE = 'afc-role-tenant-manager,demo-role-project-manager,afc-role-security-manager,esb-security-manager' WHERE ID = '840';
UPDATE afc_resource_template SET ROLE_TPL_CODE = 'afc-role-tenant-manager,afc-role-security-manager,esb-security-manager' WHERE ID = '841';
UPDATE afc_resource_template SET ROLE_TPL_CODE = 'afc-role-tenant-manager,afc-role-security-manager,esb-security-manager' WHERE ID = '842';
UPDATE afc_resource_template SET ROLE_TPL_CODE = 'afc-role-tenant-manager,afc-role-security-manager,esb-security-manager' WHERE ID = '843';
UPDATE afc_resource_template SET ROLE_TPL_CODE = 'afc-role-tenant-manager,afc-role-system-admin-manager,esb-security-manager' WHERE ID = '844';
UPDATE afc_resource_template SET ROLE_TPL_CODE = 'afc-role-tenant-manager,afc-role-system-admin-manager,esb-security-manager' WHERE ID = '848';
UPDATE afc_resource_template SET ROLE_TPL_CODE = 'afc-role-tenant-manager,afc-role-system-admin-manager,esb-security-manager' WHERE ID = '849';
UPDATE afc_resource_template SET ROLE_TPL_CODE = 'afc-role-tenant-manager,afc-role-system-admin-manager,esb-security-manager' WHERE ID = '850';
UPDATE afc_resource_template SET ROLE_TPL_CODE = 'afc-role-tenant-manager,afc-role-system-admin-manager,esb-security-manager' WHERE ID = '851';
UPDATE afc_resource_template SET ROLE_TPL_CODE = 'afc-role-tenant-manager,esb-security-manager' WHERE ID = '852';
UPDATE afc_resource_template SET ROLE_TPL_CODE = 'afc-role-tenant-manager,esb-security-manager' WHERE ID = '853';
UPDATE afc_resource_template SET ROLE_TPL_CODE = 'afc-role-tenant-manager,afc-role-system-admin-manager,afc-role-security-manager,esb-security-manager' WHERE ID = '860';
UPDATE afc_resource_template SET ROLE_TPL_CODE = 'afc-role-tenant-manager,afc-role-system-admin-manager,afc-role-security-manager,esb-security-manager' WHERE ID = '861';
UPDATE afc_resource_template SET ROLE_TPL_CODE = 'afc-role-tenant-manager,afc-role-system-admin-manager,afc-role-security-manager,esb-security-manager' WHERE ID = '862';
UPDATE afc_resource_template SET ROLE_TPL_CODE = 'afc-role-tenant-manager,afc-role-security-manager,esb-security-manager' WHERE ID = '863';
UPDATE afc_resource_template SET ROLE_TPL_CODE = 'afc-role-tenant-manager,afc-role-security-manager,esb-security-manager' WHERE ID = '864';
UPDATE afc_resource_template SET ROLE_TPL_CODE = 'afc-role-tenant-manager,afc-role-security-manager,esb-security-manager' WHERE ID = '865';
UPDATE afc_resource_template SET ROLE_TPL_CODE = 'afc-role-tenant-manager,afc-role-security-manager,esb-security-manager' WHERE ID = '866';
UPDATE afc_resource_template SET ROLE_TPL_CODE = 'afc-role-tenant-manager,afc-role-security-manager,esb-security-manager' WHERE ID = '867';
UPDATE afc_resource_template SET ROLE_TPL_CODE = 'afc-role-tenant-manager,afc-role-security-manager,esb-security-manager' WHERE ID = '868';
UPDATE afc_resource_template SET ROLE_TPL_CODE = 'afc-role-tenant-manager,afc-role-security-manager,esb-security-manager' WHERE ID = '890';
UPDATE afc_resource_template SET ROLE_TPL_CODE = 'afc-role-tenant-manager,afc-role-system-admin-manager,afc-role-org-manager,afc-role-security-manager,esb-security-manager' WHERE ID = '897';
UPDATE afc_resource_template SET ROLE_TPL_CODE = 'afc-role-tenant-manager,esb-security-manager' WHERE ID = '944';
UPDATE afc_resource_template SET ROLE_TPL_CODE = 'afc-role-tenant-manager,esb-security-manager' WHERE ID = '945';
UPDATE afc_resource_template SET ROLE_TPL_CODE = 'afc-role-tenant-manager,esb-security-manager' WHERE ID = '946';

/*==============================================================*/
/* Table: 系统管理员                                              */
/*==============================================================*/
UPDATE afc_resource_template SET ROLE_TPL_CODE = 'afc-role-tenant-manager,afc-role-system-admin-manager,esb-security-manager,esb-sysadmin-manager' WHERE ID = '648';
UPDATE afc_resource_template SET ROLE_TPL_CODE = 'afc-role-tenant-manager,afc-role-security-manager,esb-security-manager,esb-sysadmin-manager' WHERE ID = '653';
UPDATE afc_resource_template SET ROLE_TPL_CODE = 'afc-role-tenant-manager,afc-role-system-admin-manager,esb-sysadmin-manager' WHERE ID = '654';
UPDATE afc_resource_template SET ROLE_TPL_CODE = 'afc-role-tenant-manager,afc-role-security-manager,esb-security-manager,esb-sysadmin-manager' WHERE ID = '661';
UPDATE afc_resource_template SET ROLE_TPL_CODE = 'afc-role-tenant-manager,afc-role-system-admin-manager,afc-role-security-manager,esb-sysadmin-manager' WHERE ID = '664';
UPDATE afc_resource_template SET ROLE_TPL_CODE = 'afc-role-tenant-manager,afc-role-system-admin-manager,esb-sysadmin-manager' WHERE ID = '665';
UPDATE afc_resource_template SET ROLE_TPL_CODE = 'afc-role-tenant-manager,afc-role-system-admin-manager,esb-sysadmin-manager' WHERE ID = '671';
UPDATE afc_resource_template SET ROLE_TPL_CODE = 'afc-role-tenant-manager,afc-role-org-manager,afc-role-system-admin-manager,esb-sysadmin-manager' WHERE ID = '673';
UPDATE afc_resource_template SET ROLE_TPL_CODE = 'afc-role-tenant-manager,afc-role-system-admin-manager,esb-sysadmin-manager' WHERE ID = '675';
UPDATE afc_resource_template SET ROLE_TPL_CODE = 'afc-role-tenant-manager,esb-sysadmin-manager' WHERE ID = '727';
UPDATE afc_resource_template SET ROLE_TPL_CODE = 'afc-role-tenant-manager,esb-sysadmin-manager' WHERE ID = '730';
UPDATE afc_resource_template SET ROLE_TPL_CODE = 'afc-role-tenant-manager,esb-sysadmin-manager' WHERE ID = '731';
UPDATE afc_resource_template SET ROLE_TPL_CODE = 'afc-role-sys-manager,afc-role-audit-manager,afc-role-security-manager,afc-role-tenant-manager,afc-role-org-manager,afc-role-system-admin-manager,esb-security-manager,esb-sysadmin-manager' WHERE ID = '750';
UPDATE afc_resource_template SET ROLE_TPL_CODE = 'afc-role-sys-manager,esb-sysadmin-manager' WHERE ID = '751';
UPDATE afc_resource_template SET ROLE_TPL_CODE = 'afc-role-sys-manager,afc-role-tenant-manager,afc-role-org-manager,esb-sysadmin-manager' WHERE ID = '752';
UPDATE afc_resource_template SET ROLE_TPL_CODE = 'afc-role-sys-manager,esb-sysadmin-manager' WHERE ID = '753';
UPDATE afc_resource_template SET ROLE_TPL_CODE = 'afc-role-sys-manager,esb-sysadmin-manager' WHERE ID = '754';
UPDATE afc_resource_template SET ROLE_TPL_CODE = 'afc-role-tenant-manager,afc-role-security-manager,afc-role-system-admin-manager,esb-security-manager,esb-sysadmin-manager' WHERE ID = '758';
UPDATE afc_resource_template SET ROLE_TPL_CODE = 'afc-role-tenant-manager,afc-role-system-admin-manager,esb-sysadmin-manager' WHERE ID = '759';
UPDATE afc_resource_template SET ROLE_TPL_CODE = 'afc-role-tenant-manager,afc-role-security-manager,esb-sysadmin-manager' WHERE ID = '761';
UPDATE afc_resource_template SET ROLE_TPL_CODE = 'afc-role-tenant-manager,afc-role-security-manager,afc-role-system-admin-manager,esb-sysadmin-manager' WHERE ID = '762';
UPDATE afc_resource_template SET ROLE_TPL_CODE = 'afc-role-tenant-manager,afc-role-system-admin-manager,esb-sysadmin-manager' WHERE ID = '763';
UPDATE afc_resource_template SET ROLE_TPL_CODE = 'afc-role-tenant-manager,afc-role-security-manager,afc-role-system-admin-manager,esb-sysadmin-manager' WHERE ID = '764';
UPDATE afc_resource_template SET ROLE_TPL_CODE = 'afc-role-tenant-manager,afc-role-security-manager,esb-sysadmin-manager' WHERE ID = '765';
UPDATE afc_resource_template SET ROLE_TPL_CODE = 'afc-role-tenant-manager,afc-role-system-admin-manager,esb-sysadmin-manager' WHERE ID = '766';
UPDATE afc_resource_template SET ROLE_TPL_CODE = 'afc-role-tenant-manager,afc-role-security-manager,afc-role-system-admin-manager,esb-sysadmin-manager' WHERE ID = '767';
UPDATE afc_resource_template SET ROLE_TPL_CODE = 'afc-role-tenant-manager,afc-role-system-admin-manager,esb-sysadmin-manager' WHERE ID = '768';
UPDATE afc_resource_template SET ROLE_TPL_CODE = 'afc-role-tenant-manager,afc-role-security-manager,afc-role-system-admin-manager,esb-sysadmin-manager' WHERE ID = '769';
UPDATE afc_resource_template SET ROLE_TPL_CODE = 'afc-role-tenant-manager,afc-role-security-manager,esb-sysadmin-manager' WHERE ID = '770';
UPDATE afc_resource_template SET ROLE_TPL_CODE = 'afc-role-tenant-manager,afc-role-security-manager,esb-sysadmin-manager' WHERE ID = '771';
UPDATE afc_resource_template SET ROLE_TPL_CODE = 'afc-role-tenant-manager,afc-role-security-manager,afc-role-system-admin-manager,esb-security-manager,esb-sysadmin-manager' WHERE ID = '772';
UPDATE afc_resource_template SET ROLE_TPL_CODE = 'afc-role-tenant-manager,afc-role-system-admin-manager,esb-security-manager,esb-sysadmin-manager' WHERE ID = '773';
UPDATE afc_resource_template SET ROLE_TPL_CODE = 'afc-role-tenant-manager,afc-role-security-manager,esb-security-manager,esb-sysadmin-manager' WHERE ID = '775';
UPDATE afc_resource_template SET ROLE_TPL_CODE = 'afc-role-tenant-manager,afc-role-system-admin-manager,esb-security-manager,esb-sysadmin-manager' WHERE ID = '776';
UPDATE afc_resource_template SET ROLE_TPL_CODE = 'afc-role-tenant-manager,afc-role-org-manager,afc-role-system-admin-manager,esb-sysadmin-manager' WHERE ID = '780';
UPDATE afc_resource_template SET ROLE_TPL_CODE = 'afc-role-tenant-manager,afc-role-org-manager,afc-role-system-admin-manager,esb-sysadmin-manager' WHERE ID = '781';
UPDATE afc_resource_template SET ROLE_TPL_CODE = 'afc-role-tenant-manager,afc-role-org-manager,afc-role-system-admin-manager,esb-sysadmin-manager' WHERE ID = '782';
UPDATE afc_resource_template SET ROLE_TPL_CODE = 'afc-role-tenant-manager,afc-role-org-manager,afc-role-system-admin-manager,esb-sysadmin-manager' WHERE ID = '783';
UPDATE afc_resource_template SET ROLE_TPL_CODE = 'afc-role-tenant-manager,afc-role-org-manager,afc-role-system-admin-manager,esb-sysadmin-manager' WHERE ID = '784';
UPDATE afc_resource_template SET ROLE_TPL_CODE = 'afc-role-tenant-manager,afc-role-org-manager,afc-role-system-admin-manager,esb-sysadmin-manager' WHERE ID = '785';
UPDATE afc_resource_template SET ROLE_TPL_CODE = 'afc-role-tenant-manager,afc-role-org-manager,afc-role-system-admin-manager,esb-sysadmin-manager' WHERE ID = '786';
UPDATE afc_resource_template SET ROLE_TPL_CODE = 'afc-role-tenant-manager,afc-role-org-manager,afc-role-system-admin-manager,esb-sysadmin-manager' WHERE ID = '787';
UPDATE afc_resource_template SET ROLE_TPL_CODE = 'afc-role-tenant-manager,afc-role-org-manager,afc-role-system-admin-manager,esb-sysadmin-manager' WHERE ID = '789';
UPDATE afc_resource_template SET ROLE_TPL_CODE = 'afc-role-tenant-manager,afc-role-org-manager,afc-role-system-admin-manager,esb-sysadmin-manager' WHERE ID = '790';
UPDATE afc_resource_template SET ROLE_TPL_CODE = 'afc-role-tenant-manager,afc-role-org-manager,afc-role-system-admin-manager,esb-sysadmin-manager' WHERE ID = '791';
UPDATE afc_resource_template SET ROLE_TPL_CODE = 'afc-role-tenant-manager,afc-role-org-manager,afc-role-system-admin-manager,esb-sysadmin-manager' WHERE ID = '792';
UPDATE afc_resource_template SET ROLE_TPL_CODE = 'afc-role-tenant-manager,afc-role-org-manager,afc-role-system-admin-manager,esb-sysadmin-manager' WHERE ID = '793';
UPDATE afc_resource_template SET ROLE_TPL_CODE = 'afc-role-tenant-manager,afc-role-org-manager,afc-role-system-admin-manager,esb-sysadmin-manager' WHERE ID = '794';
UPDATE afc_resource_template SET ROLE_TPL_CODE = 'afc-role-tenant-manager,afc-role-org-manager,afc-role-system-admin-manager,esb-sysadmin-manager' WHERE ID = '795';
UPDATE afc_resource_template SET ROLE_TPL_CODE = 'afc-role-tenant-manager,afc-role-org-manager,afc-role-system-admin-manager,esb-security-manager,esb-sysadmin-manager' WHERE ID = '796';
UPDATE afc_resource_template SET ROLE_TPL_CODE = 'afc-role-tenant-manager,afc-role-org-manager,afc-role-system-admin-manager,esb-security-manager,esb-sysadmin-manager' WHERE ID = '797';
UPDATE afc_resource_template SET ROLE_TPL_CODE = 'afc-role-tenant-manager,afc-role-org-manager,afc-role-system-admin-manager,esb-sysadmin-manager' WHERE ID = '800';
UPDATE afc_resource_template SET ROLE_TPL_CODE = 'afc-role-tenant-manager,afc-role-org-manager,esb-sysadmin-manager' WHERE ID = '802';
UPDATE afc_resource_template SET ROLE_TPL_CODE = 'afc-role-tenant-manager,afc-role-org-manager,afc-role-system-admin-manager,esb-sysadmin-manager' WHERE ID = '803';
UPDATE afc_resource_template SET ROLE_TPL_CODE = 'afc-role-tenant-manager,afc-role-org-manager,afc-role-system-admin-manager,esb-sysadmin-manager' WHERE ID = '804';
UPDATE afc_resource_template SET ROLE_TPL_CODE = 'afc-role-tenant-manager,afc-role-org-manager,afc-role-system-admin-manager,esb-sysadmin-manager' WHERE ID = '805';
UPDATE afc_resource_template SET ROLE_TPL_CODE = 'afc-role-tenant-manager,afc-role-system-admin-manager,esb-sysadmin-manager' WHERE ID = '808';
UPDATE afc_resource_template SET ROLE_TPL_CODE = 'afc-role-tenant-manager,afc-role-system-admin-manager,esb-sysadmin-manager' WHERE ID = '813';
UPDATE afc_resource_template SET ROLE_TPL_CODE = 'afc-role-tenant-manager,afc-role-system-admin-manager,esb-sysadmin-manager' WHERE ID = '814';
UPDATE afc_resource_template SET ROLE_TPL_CODE = 'afc-role-tenant-manager,afc-role-system-admin-manager,esb-sysadmin-manager' WHERE ID = '815';
UPDATE afc_resource_template SET ROLE_TPL_CODE = 'afc-role-tenant-manager,afc-role-system-admin-manager,esb-sysadmin-manager' WHERE ID = '816';
UPDATE afc_resource_template SET ROLE_TPL_CODE = 'afc-role-tenant-manager,afc-role-system-admin-manager,esb-security-manager,esb-sysadmin-manager' WHERE ID = '817';
UPDATE afc_resource_template SET ROLE_TPL_CODE = 'afc-role-tenant-manager,afc-role-system-admin-manager,esb-sysadmin-manager' WHERE ID = '821';
UPDATE afc_resource_template SET ROLE_TPL_CODE = 'afc-role-tenant-manager,afc-role-system-admin-manager,esb-sysadmin-manager' WHERE ID = '822';
UPDATE afc_resource_template SET ROLE_TPL_CODE = 'afc-role-tenant-manager,afc-role-system-admin-manager,esb-sysadmin-manager' WHERE ID = '823';
UPDATE afc_resource_template SET ROLE_TPL_CODE = 'afc-role-tenant-manager,afc-role-system-admin-manager,esb-sysadmin-manager' WHERE ID = '824';
UPDATE afc_resource_template SET ROLE_TPL_CODE = 'afc-role-tenant-manager,afc-role-system-admin-manager,esb-sysadmin-manager' WHERE ID = '825';
UPDATE afc_resource_template SET ROLE_TPL_CODE = 'afc-role-tenant-manager,afc-role-system-admin-manager,esb-sysadmin-manager' WHERE ID = '826';
UPDATE afc_resource_template SET ROLE_TPL_CODE = 'afc-role-tenant-manager,afc-role-system-admin-manager,esb-sysadmin-manager' WHERE ID = '827';
UPDATE afc_resource_template SET ROLE_TPL_CODE = 'afc-role-tenant-manager,afc-role-system-admin-manager,esb-security-manager,esb-sysadmin-manager' WHERE ID = '828';
UPDATE afc_resource_template SET ROLE_TPL_CODE = 'afc-role-tenant-manager,afc-role-security-manager,esb-security-manager,esb-sysadmin-manager' WHERE ID = '831';
UPDATE afc_resource_template SET ROLE_TPL_CODE = 'afc-role-tenant-manager,afc-role-security-manager,esb-security-manager,esb-sysadmin-manager' WHERE ID = '836';
UPDATE afc_resource_template SET ROLE_TPL_CODE = 'afc-role-tenant-manager,afc-role-security-manager,esb-security-manager,esb-sysadmin-manager' WHERE ID = '838';
UPDATE afc_resource_template SET ROLE_TPL_CODE = 'afc-role-tenant-manager,afc-role-security-manager,esb-security-manager,esb-sysadmin-manager' WHERE ID = '841';
UPDATE afc_resource_template SET ROLE_TPL_CODE = 'afc-role-tenant-manager,afc-role-security-manager,esb-security-manager,esb-sysadmin-manager' WHERE ID = '842';
UPDATE afc_resource_template SET ROLE_TPL_CODE = 'afc-role-tenant-manager,afc-role-security-manager,esb-security-manager,esb-sysadmin-manager' WHERE ID = '843';
UPDATE afc_resource_template SET ROLE_TPL_CODE = 'afc-role-tenant-manager,afc-role-system-admin-manager,esb-security-manager,esb-sysadmin-manager' WHERE ID = '844';
UPDATE afc_resource_template SET ROLE_TPL_CODE = 'afc-role-tenant-manager,afc-role-system-admin-manager,esb-sysadmin-manager' WHERE ID = '845';
UPDATE afc_resource_template SET ROLE_TPL_CODE = 'afc-role-tenant-manager,afc-role-system-admin-manager,esb-sysadmin-manager' WHERE ID = '846';
UPDATE afc_resource_template SET ROLE_TPL_CODE = 'afc-role-tenant-manager,afc-role-system-admin-manager,esb-sysadmin-manager' WHERE ID = '847';
UPDATE afc_resource_template SET ROLE_TPL_CODE = 'afc-role-tenant-manager,afc-role-system-admin-manager,esb-security-manager,esb-sysadmin-manager' WHERE ID = '850';
UPDATE afc_resource_template SET ROLE_TPL_CODE = 'afc-role-tenant-manager,afc-role-system-admin-manager,esb-security-manager,esb-sysadmin-manager' WHERE ID = '851';
UPDATE afc_resource_template SET ROLE_TPL_CODE = 'afc-role-tenant-manager,afc-role-system-admin-manager,afc-role-security-manager,esb-sysadmin-manager' WHERE ID = '854';
UPDATE afc_resource_template SET ROLE_TPL_CODE = 'afc-role-tenant-manager,afc-role-system-admin-manager,esb-sysadmin-manager' WHERE ID = '855';
UPDATE afc_resource_template SET ROLE_TPL_CODE = 'afc-role-tenant-manager,afc-role-system-admin-manager,afc-role-security-manager,esb-sysadmin-manager' WHERE ID = '856';
UPDATE afc_resource_template SET ROLE_TPL_CODE = 'afc-role-tenant-manager,afc-role-system-admin-manager,esb-sysadmin-manager' WHERE ID = '857';
UPDATE afc_resource_template SET ROLE_TPL_CODE = 'afc-role-tenant-manager,afc-role-system-admin-manager,esb-sysadmin-manager' WHERE ID = '858';
UPDATE afc_resource_template SET ROLE_TPL_CODE = 'afc-role-tenant-manager,afc-role-system-admin-manager,esb-sysadmin-manager' WHERE ID = '870';
UPDATE afc_resource_template SET ROLE_TPL_CODE = 'afc-role-tenant-manager,afc-role-system-admin-manager,esb-sysadmin-manager' WHERE ID = '871';
UPDATE afc_resource_template SET ROLE_TPL_CODE = 'afc-role-tenant-manager,afc-role-system-admin-manager,esb-sysadmin-manager' WHERE ID = '872';
UPDATE afc_resource_template SET ROLE_TPL_CODE = 'afc-role-tenant-manager,afc-role-system-admin-manager,esb-sysadmin-manager' WHERE ID = '873';
UPDATE afc_resource_template SET ROLE_TPL_CODE = 'afc-role-tenant-manager,afc-role-system-admin-manager,esb-sysadmin-manager' WHERE ID = '875';
UPDATE afc_resource_template SET ROLE_TPL_CODE = 'afc-role-tenant-manager,afc-role-system-admin-manager,esb-sysadmin-manager' WHERE ID = '876';
UPDATE afc_resource_template SET ROLE_TPL_CODE = 'afc-role-tenant-manager,afc-role-system-admin-manager,esb-sysadmin-manager' WHERE ID = '877';
UPDATE afc_resource_template SET ROLE_TPL_CODE = 'afc-role-tenant-manager,afc-role-system-admin-manager,esb-sysadmin-manager' WHERE ID = '878';
UPDATE afc_resource_template SET ROLE_TPL_CODE = 'afc-role-tenant-manager,afc-role-system-admin-manager,esb-sysadmin-manager' WHERE ID = '880';
UPDATE afc_resource_template SET ROLE_TPL_CODE = 'afc-role-tenant-manager,afc-role-system-admin-manager,esb-sysadmin-manager' WHERE ID = '881';
UPDATE afc_resource_template SET ROLE_TPL_CODE = 'afc-role-tenant-manager,afc-role-security-manager,esb-security-manager,esb-sysadmin-manager' WHERE ID = '890';
UPDATE afc_resource_template SET ROLE_TPL_CODE = 'afc-role-tenant-manager,afc-role-system-admin-manager,afc-role-org-manager,afc-role-security-manager,esb-security-manager,esb-sysadmin-manager' WHERE ID = '897';
UPDATE afc_resource_template SET ROLE_TPL_CODE = 'afc-role-tenant-manager,esb-sysadmin-manager' WHERE ID = '898';
UPDATE afc_resource_template SET ROLE_TPL_CODE = 'afc-role-tenant-manager,esb-sysadmin-manager' WHERE ID = '899';
UPDATE afc_resource_template SET ROLE_TPL_CODE = 'afc-role-tenant-manager,esb-sysadmin-manager' WHERE ID = '901';
UPDATE afc_resource_template SET ROLE_TPL_CODE = 'afc-role-tenant-manager,esb-sysadmin-manager' WHERE ID = '902';
UPDATE afc_resource_template SET ROLE_TPL_CODE = 'afc-role-tenant-manager,esb-sysadmin-manager' WHERE ID = '903';
UPDATE afc_resource_template SET ROLE_TPL_CODE = 'afc-role-tenant-manager,esb-sysadmin-manager' WHERE ID = '904';
UPDATE afc_resource_template SET ROLE_TPL_CODE = 'afc-role-tenant-manager,esb-sysadmin-manager' WHERE ID = '905';
UPDATE afc_resource_template SET ROLE_TPL_CODE = 'afc-role-tenant-manager,afc-role-org-manager,esb-sysadmin-manager' WHERE ID = '906';
UPDATE afc_resource_template SET ROLE_TPL_CODE = 'afc-role-tenant-manager,afc-role-org-manager,esb-sysadmin-manager' WHERE ID = '907';
UPDATE afc_resource_template SET ROLE_TPL_CODE = 'afc-role-tenant-manager,afc-role-system-admin-manager,esb-sysadmin-manager' WHERE ID = '940';
UPDATE afc_resource_template SET ROLE_TPL_CODE = 'afc-role-tenant-manager,afc-role-system-admin-manager,esb-sysadmin-manager' WHERE ID = '941';
UPDATE afc_resource_template SET ROLE_TPL_CODE = 'afc-role-tenant-manager,afc-role-system-admin-manager,esb-sysadmin-manager' WHERE ID = '942';
UPDATE afc_resource_template SET ROLE_TPL_CODE = 'afc-role-tenant-manager,afc-role-security-manager,afc-role-system-admin-manager,esb-sysadmin-manager' WHERE ID = '943';
UPDATE afc_resource_template SET ROLE_TPL_CODE = 'afc-role-tenant-manager,afc-role-org-manager,afc-role-system-admin-manager,esb-sysadmin-manager' WHERE ID = '947';


/*==============================================================*/
/* Table: 创建用户                                               */
/*==============================================================*/
INSERT INTO afc_employee (ID, NAME, CODE, GENDER, P_EMAIL, BIRTHDAY, STATUS, CARD_TYPE, CARD_NUMBER, IN_DATE, OUT_DATE, FAN_NUBMER, PHONE_NUMBER, O_TEL, O_EMAIL, O_ADDRESS, H_ADDRESS, H_TEL, H_ZIPCODE, QQ, WEIBO, WECHAT, SORT_BY, DESCRIPTION, REMARK, EXTRA, CREATE_TIME, UPDATE_TIME, CREATE_USER, UPDATE_USER, TENANT_ID) VALUES ('esb-21', 'esb审计管理员', 'audit', 'unknow', '', NULL, '1', '', '', NULL, NULL, '', '', '', '', '', '', '', '', '', '', '', 0, '', '', '', NULL, NULL, 'admin', NULL, 'sys_tenant');
INSERT INTO afc_employee (ID, NAME, CODE, GENDER, P_EMAIL, BIRTHDAY, STATUS, CARD_TYPE, CARD_NUMBER, IN_DATE, OUT_DATE, FAN_NUBMER, PHONE_NUMBER, O_TEL, O_EMAIL, O_ADDRESS, H_ADDRESS, H_TEL, H_ZIPCODE, QQ, WEIBO, WECHAT, SORT_BY, DESCRIPTION, REMARK, EXTRA, CREATE_TIME, UPDATE_TIME, CREATE_USER, UPDATE_USER, TENANT_ID) VALUES ('esb-41', 'esb安全管理员', 'security', 'unknow', '', NULL, '1', '', '', NULL, NULL, '', '', '', '', '', '', '', '', '', '', '', 0, '', '', '', NULL, NULL, 'admin', NULL, 'sys_tenant');
INSERT INTO afc_employee (ID, NAME, CODE, GENDER, P_EMAIL, BIRTHDAY, STATUS, CARD_TYPE, CARD_NUMBER, IN_DATE, OUT_DATE, FAN_NUBMER, PHONE_NUMBER, O_TEL, O_EMAIL, O_ADDRESS, H_ADDRESS, H_TEL, H_ZIPCODE, QQ, WEIBO, WECHAT, SORT_BY, DESCRIPTION, REMARK, EXTRA, CREATE_TIME, UPDATE_TIME, CREATE_USER, UPDATE_USER, TENANT_ID) VALUES ('esb-42', 'esb平台管理员', 'sysesbadmin', 'unknow', '', NULL , '1', '', '', NULL, NULL, '', '', '', '', '', '', '', '', '', '', '', 0, '', '', '', NULL, NULL, 'admin', NULL, 'sys_tenant');
INSERT INTO afc_employee (ID, NAME, CODE, GENDER, P_EMAIL, BIRTHDAY, STATUS, CARD_TYPE, CARD_NUMBER, IN_DATE, OUT_DATE, FAN_NUBMER, PHONE_NUMBER, O_TEL, O_EMAIL, O_ADDRESS, H_ADDRESS, H_TEL, H_ZIPCODE, QQ, WEIBO, WECHAT, SORT_BY, DESCRIPTION, REMARK, EXTRA, CREATE_TIME, UPDATE_TIME, CREATE_USER, UPDATE_USER, TENANT_ID) VALUES ('esb-43', 'esb管理员', 'esbadmin', 'unknow', '', NULL, '1', '', '', NULL, NULL, '', '', '', '', '', '', '', '', '', '', '', 0, '', '', '', NULL, NULL, 'admin', NULL, 'sys_tenant');

/*==============================================================*/
/* Table: 创建账户                                               */
/*==============================================================*/
INSERT INTO afc_user (ID, CODE, PASSWORD, IS_ADMIN, STATUS, PASSWORD_INIT, PASSWORD_UPDATE_TIME, LOCK_TIME, IS_LOCK, WRONG_NUMBER, LAST_LOGIN_TIME, DESCRIPTION, EXTRA, CREATE_TIME, UPDATE_TIME, CREATE_USER, UPDATE_USER, TENANT_ID, EMPLOYEE_ID) VALUES ('esb-21', 'audit', '$2a$10$/bByi1H5ya83LmTTuxKXEupjxI2cBqSY4KXuq3kcOaYvdIq4LMPTa', '0', '1', '1', GETDATE(), NULL, '0', 0, GETDATE(), NULL, NULL, GETDATE(), GETDATE(), 'admin', 'sysadmin1', 'sys_tenant', 'esb-21');
INSERT INTO afc_user (ID, CODE, PASSWORD, IS_ADMIN, STATUS, PASSWORD_INIT, PASSWORD_UPDATE_TIME, LOCK_TIME, IS_LOCK, WRONG_NUMBER, LAST_LOGIN_TIME, DESCRIPTION, EXTRA, CREATE_TIME, UPDATE_TIME, CREATE_USER, UPDATE_USER, TENANT_ID, EMPLOYEE_ID) VALUES ('esb-41', 'security', '$2a$10$/bByi1H5ya83LmTTuxKXEupjxI2cBqSY4KXuq3kcOaYvdIq4LMPTa', '0', '1', '1', GETDATE(), NULL, '0', 0, GETDATE(), NULL, NULL, GETDATE(), GETDATE(), 'admin', 'anonymous', 'sys_tenant', 'esb-41');
INSERT INTO afc_user (ID, CODE, PASSWORD, IS_ADMIN, STATUS, PASSWORD_INIT, PASSWORD_UPDATE_TIME, LOCK_TIME, IS_LOCK, WRONG_NUMBER, LAST_LOGIN_TIME, DESCRIPTION, EXTRA, CREATE_TIME, UPDATE_TIME, CREATE_USER, UPDATE_USER, TENANT_ID, EMPLOYEE_ID) VALUES ('esb-42', 'sysesbadmin', '$2a$10$/bByi1H5ya83LmTTuxKXEupjxI2cBqSY4KXuq3kcOaYvdIq4LMPTa', '0', '1', '1', GETDATE(), NULL, '0', 0, GETDATE(), NULL, NULL, GETDATE(),GETDATE(), 'admin', 'sysadmin1', 'sys_tenant', 'esb-42');
INSERT INTO afc_user (ID, CODE, PASSWORD, IS_ADMIN, STATUS, PASSWORD_INIT, PASSWORD_UPDATE_TIME, LOCK_TIME, IS_LOCK, WRONG_NUMBER, LAST_LOGIN_TIME, DESCRIPTION, EXTRA, CREATE_TIME, UPDATE_TIME, CREATE_USER, UPDATE_USER, TENANT_ID, EMPLOYEE_ID) VALUES ('esb-43', 'esbadmin', '$2a$10$/bByi1H5ya83LmTTuxKXEupjxI2cBqSY4KXuq3kcOaYvdIq4LMPTa', '0', '1', '1', GETDATE(), NULL, '0', 0, GETDATE(), NULL, NULL, GETDATE(), GETDATE(), 'admin', 'anonymous', 'sys_tenant', 'esb-43');

/*==============================================================*/
/* Table: 创建主岗位                                               */
/*==============================================================*/
INSERT INTO afc_r_org_position (ID, ORG_ID, POSITION_ID, EMPLOYEE_ID, DEPENDENT_TYPE) VALUES ('esb-21', null, null, 'esb-21', '1');
INSERT INTO afc_r_org_position (ID, ORG_ID, POSITION_ID, EMPLOYEE_ID, DEPENDENT_TYPE) VALUES ('esb-41', null, null, 'esb-41', '1');
INSERT INTO afc_r_org_position (ID, ORG_ID, POSITION_ID, EMPLOYEE_ID, DEPENDENT_TYPE) VALUES ('esb-44', null, null, 'esb-42', '0');
INSERT INTO afc_r_org_position (ID, ORG_ID, POSITION_ID, EMPLOYEE_ID, DEPENDENT_TYPE) VALUES ('esb-46', null, null, 'esb-43', '0');


/*==============================================================*/
/* Table: 创建用户权限                                             */
/*==============================================================*/
INSERT INTO afc_r_party_role (ID, PARTY_TYPE, PARTY_ID, ROLE_TYPE, ROLE_ID, BUSINESS_OBJ_ID, BUSINESS_OBJ_INST_ID, IS_FIXED) VALUES ('esb-41', 'user', 'esb-21', 'platform', '2', NULL, NULL, NULL);
INSERT INTO afc_r_party_role (ID, PARTY_TYPE, PARTY_ID, ROLE_TYPE, ROLE_ID, BUSINESS_OBJ_ID, BUSINESS_OBJ_INST_ID, IS_FIXED) VALUES ('esb-61', 'user', 'esb-41', 'platform', '10', NULL, NULL, NULL);
INSERT INTO afc_r_party_role (ID, PARTY_TYPE, PARTY_ID, ROLE_TYPE, ROLE_ID, BUSINESS_OBJ_ID, BUSINESS_OBJ_INST_ID, IS_FIXED) VALUES ('esb-62', 'user', 'esb-42', 'platform', '11', NULL, NULL, NULL);
INSERT INTO afc_r_party_role (ID, PARTY_TYPE, PARTY_ID, ROLE_TYPE, ROLE_ID, BUSINESS_OBJ_ID, BUSINESS_OBJ_INST_ID, IS_FIXED) VALUES ('esb-63', 'user', 'esb-43', 'platform', 'esb-21', NULL, NULL, NULL);